"","listing_id","num_reviews"
"1",1008006,100
"2",6694485,100
"3",23155869,100
"4",29345819,100
"5",31945123,100
"6",32009903,100
"7",35855352,100
"8",50452369,100
"9",1291054,99
"10",2568856,99
"11",3926355,99
"12",8894913,99
"13",9135417,99
"14",11518566,99
"15",16582068,99
"16",24371123,99
"17",29046160,99
"18",29183689,99
"19",39040826,99
"20",40717994,99
"21",2739228,98
"22",6485103,98
"23",9355281,98
"24",11747373,98
"25",15276959,98
"26",27565537,98
"27",36494655,98
"28",40552558,98
"29",44545216,98
"30",1236227,97
"31",9420691,97
"32",16211736,97
"33",19339775,97
"34",9343414,96
"35",13812250,96
"36",23390929,96
"37",29332959,96
"38",30140860,96
"39",33734417,96
"40",38754914,96
"41",5012728,95
"42",13134714,95
"43",30041745,95
"44",33559580,95
"45",35815036,95
"46",969862,94
"47",1350246,94
"48",29868977,94
"49",30418746,94
"50",31870080,94
"51",51314809,94
"52",255809,93
"53",729317,93
"54",16305719,93
"55",20793220,93
"56",29477986,93
"57",33551474,93
"58",43719104,93
"59",47917082,93
"60",1116446,92
"61",3346620,92
"62",5830457,92
"63",20385270,92
"64",29251403,92
"65",33980766,92
"66",36445013,92
"67",46502425,92
"68",20059970,91
"69",25975448,91
"70",31945182,91
"71",954633,90
"72",4157853,90
"73",6803889,90
"74",11460770,90
"75",12065591,90
"76",13034385,90
"77",17252191,90
"78",23639176,90
"79",28924243,90
"80",42479237,90
"81",12781745,89
"82",13571617,89
"83",14526096,89
"84",40803385,89
"85",1394668,88
"86",10287267,88
"87",18423345,88
"88",26326181,88
"89",38835232,88
"90",874340,87
"91",9308904,87
"92",21114452,87
"93",15371462,86
"94",16401179,86
"95",49375834,86
"96",744659,85
"97",755431,85
"98",13144575,85
"99",18801518,85
"100",25765951,85
"101",31758630,85
"102",43707910,85
"103",43933080,85
"104",9629614,84
"105",15096042,84
"106",16222778,84
"107",30504115,84
"108",2780062,83
"109",7213232,83
"110",16489841,83
"111",17262983,83
"112",21989969,83
"113",22041896,83
"114",24627184,83
"115",25179644,83
"116",30154353,83
"117",34640050,83
"118",35377658,83
"119",44149885,83
"120",2830788,82
"121",5184303,82
"122",6463787,82
"123",6989796,82
"124",8573112,82
"125",10700796,82
"126",31553121,82
"127",505650,81
"128",16705542,81
"129",18515604,81
"130",20101951,81
"131",24127417,81
"132",27081619,81
"133",28727306,81
"134",33610577,81
"135",39333210,81
"136",291752,80
"137",934060,80
"138",10198226,80
"139",12444222,80
"140",17777736,80
"141",20792976,80
"142",22093658,80
"143",23950151,80
"144",27396373,80
"145",29871927,80
"146",41789299,80
"147",80635,79
"148",4278312,79
"149",4934646,79
"150",14930480,79
"151",17472980,79
"152",18803889,79
"153",18950531,79
"154",21931660,79
"155",31368499,79
"156",33241583,79
"157",43777335,79
"158",45109092,79
"159",50452284,79
"160",4043288,78
"161",6895794,78
"162",14817368,78
"163",18171150,78
"164",23726706,78
"165",29258934,78
"166",33439715,78
"167",1094399,77
"168",1100569,77
"169",1259343,77
"170",1375612,77
"171",2800120,77
"172",4225575,77
"173",9728530,77
"174",10259094,77
"175",11097614,77
"176",15642871,77
"177",17487457,77
"178",33092943,77
"179",40427718,77
"180",742160,76
"181",10196589,76
"182",10522903,76
"183",18114729,76
"184",22758348,76
"185",23937912,76
"186",25898486,76
"187",27447278,76
"188",40191258,76
"189",4180798,75
"190",16763977,75
"191",21593642,75
"192",27903955,75
"193",28603995,75
"194",32250908,75
"195",33649321,75
"196",40417258,75
"197",49496321,75
"198",1959340,74
"199",8792777,74
"200",12446710,74
"201",18155892,74
"202",40792169,74
"203",2551330,73
"204",4636051,73
"205",17049195,73
"206",18188256,73
"207",28146045,73
"208",29705676,73
"209",31011504,73
"210",32253177,73
"211",3408746,72
"212",10094980,72
"213",14052692,72
"214",16526897,72
"215",19888963,72
"216",21324372,72
"217",27841791,72
"218",29175007,72
"219",34386174,72
"220",39079814,72
"221",43707019,72
"222",48949415,72
"223",49473308,72
"224",2070211,71
"225",4610921,71
"226",5647050,71
"227",18233200,71
"228",18541350,71
"229",24428291,71
"230",25758107,71
"231",28167828,71
"232",30042149,71
"233",30261748,71
"234",30461243,71
"235",45110826,71
"236",3526216,70
"237",5973578,70
"238",8681273,70
"239",9650371,70
"240",11178448,70
"241",15030853,70
"242",18557924,70
"243",22383593,70
"244",24282521,70
"245",27184333,70
"246",34635314,70
"247",44399682,70
"248",8191077,69
"249",9981202,69
"250",14816635,69
"251",27133621,69
"252",450767,68
"253",2853285,68
"254",4991859,68
"255",18559856,68
"256",29268359,68
"257",33293787,68
"258",47882460,68
"259",2018017,67
"260",2175600,67
"261",11035643,67
"262",13965835,67
"263",14665451,67
"264",14921039,67
"265",16339923,67
"266",29845425,67
"267",33129141,67
"268",33684134,67
"269",34750770,67
"270",41363443,67
"271",42109978,67
"272",42332050,67
"273",8348686,66
"274",9247120,66
"275",19339621,66
"276",20756989,66
"277",24766967,66
"278",28544205,66
"279",33092917,66
"280",45372746,66
"281",222516,65
"282",2514858,65
"283",2648251,65
"284",4899798,65
"285",13256599,65
"286",16050056,65
"287",20351701,65
"288",23460493,65
"289",23552547,65
"290",26950128,65
"291",31701569,65
"292",34587245,65
"293",52130922,65
"294",728144,64
"295",1482851,64
"296",2981861,64
"297",4076501,64
"298",4892972,64
"299",6611814,64
"300",10190247,64
"301",11090880,64
"302",15337523,64
"303",16391366,64
"304",21315774,64
"305",22463309,64
"306",26116424,64
"307",31312245,64
"308",37344101,64
"309",38082061,64
"310",39798579,64
"311",44498237,64
"312",1350096,63
"313",1786144,63
"314",2080040,63
"315",4147668,63
"316",5719013,63
"317",8880908,63
"318",14271251,63
"319",15152694,63
"320",19854424,63
"321",20913032,63
"322",21353774,63
"323",24003503,63
"324",27565202,63
"325",29568363,63
"326",901789,62
"327",1085099,62
"328",6512301,62
"329",10098198,62
"330",16625355,62
"331",17250492,62
"332",21118786,62
"333",24686536,62
"334",24761504,62
"335",26728984,62
"336",27809371,62
"337",29298781,62
"338",31506499,62
"339",38425685,62
"340",39168555,62
"341",40201943,62
"342",40815112,62
"343",43575456,62
"344",6088524,61
"345",18882208,61
"346",21226334,61
"347",32068256,61
"348",35106057,61
"349",9855210,60
"350",11080170,60
"351",14039431,60
"352",16877004,60
"353",20190961,60
"354",20701838,60
"355",21317969,60
"356",21430513,60
"357",22355507,60
"358",23638700,60
"359",23729261,60
"360",27913527,60
"361",29553447,60
"362",29919168,60
"363",32707589,60
"364",37098880,60
"365",91535,59
"366",1580186,59
"367",5087895,59
"368",6236389,59
"369",10593371,59
"370",15922131,59
"371",35538022,59
"372",36828236,59
"373",42148562,59
"374",3700218,58
"375",4815695,58
"376",6512505,58
"377",6735459,58
"378",11347669,58
"379",13554855,58
"380",13724889,58
"381",31254005,58
"382",32349420,58
"383",32413659,58
"384",32985440,58
"385",33357705,58
"386",40322573,58
"387",44248265,58
"388",357980,57
"389",7924857,57
"390",9530785,57
"391",12205686,57
"392",15811049,57
"393",16280897,57
"394",22383767,57
"395",24625552,57
"396",30928188,57
"397",42728862,57
"398",379885,56
"399",634170,56
"400",1378074,56
"401",8532903,56
"402",14819599,56
"403",15921637,56
"404",24981353,56
"405",34108976,56
"406",44544597,56
"407",48338939,56
"408",440992,55
"409",740616,55
"410",1484957,55
"411",4416539,55
"412",13630147,55
"413",15819051,55
"414",18832250,55
"415",19237281,55
"416",22383098,55
"417",37014677,55
"418",39085747,55
"419",43719459,55
"420",1055703,54
"421",1561264,54
"422",12141525,54
"423",13610296,54
"424",17507949,54
"425",17508421,54
"426",17554758,54
"427",18116541,54
"428",19795667,54
"429",21859606,54
"430",27024242,54
"431",29006072,54
"432",39521045,54
"433",45539425,54
"434",45744936,54
"435",46502181,54
"436",49466684,54
"437",49821276,54
"438",50435642,54
"439",1733772,53
"440",2148417,53
"441",5312713,53
"442",5882457,53
"443",9103703,53
"444",12840460,53
"445",19070264,53
"446",19193863,53
"447",21703780,53
"448",23684337,53
"449",30551730,53
"450",30905979,53
"451",33160030,53
"452",37493556,53
"453",40225175,53
"454",5450176,52
"455",5739999,52
"456",8490817,52
"457",13925585,52
"458",14343204,52
"459",16247842,52
"460",18100319,52
"461",24890504,52
"462",28516088,52
"463",29919544,52
"464",30723226,52
"465",33441780,52
"466",38632941,52
"467",40915515,52
"468",44130900,52
"469",51210209,52
"470",51535182,52
"471",214531,51
"472",974240,51
"473",3388764,51
"474",13952349,51
"475",15786299,51
"476",21002581,51
"477",21796247,51
"478",24402987,51
"479",24615621,51
"480",25875180,51
"481",27240740,51
"482",28448785,51
"483",37799561,51
"484",40196568,51
"485",437757,50
"486",5781996,50
"487",5836359,50
"488",13854126,50
"489",14412467,50
"490",17374776,50
"491",18516556,50
"492",19765648,50
"493",21801282,50
"494",28098878,50
"495",33092974,50
"496",40335482,50
"497",42482504,50
"498",50862424,50
"499",1338633,49
"500",7448305,49
"501",11846023,49
"502",14017892,49
"503",15038140,49
"504",15213109,49
"505",15757001,49
"506",18523387,49
"507",19423489,49
"508",21779417,49
"509",23647380,49
"510",25004866,49
"511",28020264,49
"512",29230120,49
"513",31072230,49
"514",32184201,49
"515",40905577,49
"516",42342443,49
"517",43707658,49
"518",48220980,49
"519",50474051,49
"520",50862465,49
"521",1383494,48
"522",1603630,48
"523",3036290,48
"524",3724060,48
"525",6963313,48
"526",7160841,48
"527",11204982,48
"528",11354028,48
"529",12617512,48
"530",12619145,48
"531",14017497,48
"532",16802673,48
"533",17404859,48
"534",17549368,48
"535",17968930,48
"536",18547840,48
"537",20319803,48
"538",22529423,48
"539",22917434,48
"540",27711924,48
"541",33092829,48
"542",35803585,48
"543",40606574,48
"544",42061032,48
"545",43282793,48
"546",45052084,48
"547",46369286,48
"548",50271797,48
"549",629429,47
"550",1798945,47
"551",1886198,47
"552",2015074,47
"553",2639206,47
"554",2902819,47
"555",3774247,47
"556",4035170,47
"557",6734900,47
"558",9672837,47
"559",14441994,47
"560",16655842,47
"561",18837476,47
"562",19584902,47
"563",19948942,47
"564",20549160,47
"565",26128987,47
"566",36027791,47
"567",36617058,47
"568",44276863,47
"569",44785639,47
"570",46521450,47
"571",50135127,47
"572",50718481,47
"573",51675569,47
"574",307497,46
"575",1260229,46
"576",1830345,46
"577",3500433,46
"578",4043258,46
"579",4673904,46
"580",4847183,46
"581",10046150,46
"582",11843850,46
"583",13001861,46
"584",13080195,46
"585",13419312,46
"586",13897189,46
"587",15763486,46
"588",15801253,46
"589",17649920,46
"590",17968731,46
"591",20816136,46
"592",22383562,46
"593",26431371,46
"594",30141051,46
"595",30316474,46
"596",34174819,46
"597",38170726,46
"598",41074014,46
"599",42015255,46
"600",43282992,46
"601",43682561,46
"602",49484720,46
"603",52703709,46
"604",1524993,45
"605",4409509,45
"606",5922703,45
"607",6283404,45
"608",6285243,45
"609",8754550,45
"610",14929937,45
"611",16751073,45
"612",17843664,45
"613",18193212,45
"614",19397676,45
"615",20433445,45
"616",20530198,45
"617",21977982,45
"618",23333275,45
"619",26885350,45
"620",28800804,45
"621",32624969,45
"622",32973071,45
"623",35834641,45
"624",36732140,45
"625",38160285,45
"626",38339642,45
"627",38698905,45
"628",39167109,45
"629",45464448,45
"630",801544,44
"631",1316990,44
"632",1482038,44
"633",1511360,44
"634",2623099,44
"635",3036359,44
"636",5453878,44
"637",7895182,44
"638",8743652,44
"639",9588946,44
"640",11215477,44
"641",12479300,44
"642",12786067,44
"643",14364518,44
"644",15109768,44
"645",15611604,44
"646",16748989,44
"647",18231394,44
"648",22263693,44
"649",23141363,44
"650",24602294,44
"651",26111547,44
"652",31095874,44
"653",658063,43
"654",1517398,43
"655",1603794,43
"656",2203816,43
"657",2647365,43
"658",2668398,43
"659",5202774,43
"660",5950879,43
"661",6085243,43
"662",6533303,43
"663",6831196,43
"664",6838383,43
"665",7829730,43
"666",9444516,43
"667",9613135,43
"668",11358343,43
"669",12106511,43
"670",13289822,43
"671",14079338,43
"672",14092826,43
"673",14277750,43
"674",14794121,43
"675",22582732,43
"676",23559646,43
"677",29979535,43
"678",31632825,43
"679",34053070,43
"680",37359059,43
"681",38012872,43
"682",38694596,43
"683",38726173,43
"684",39215287,43
"685",40222708,43
"686",42834134,43
"687",44092833,43
"688",44654593,43
"689",45615057,43
"690",48127726,43
"691",1468473,42
"692",3461086,42
"693",3879930,42
"694",13421459,42
"695",13807530,42
"696",13891719,42
"697",14105164,42
"698",14869289,42
"699",15081563,42
"700",17759347,42
"701",18666266,42
"702",18803263,42
"703",21078155,42
"704",22094067,42
"705",22524410,42
"706",24117588,42
"707",28298830,42
"708",31234848,42
"709",43233137,42
"710",50543763,42
"711",137026,41
"712",1734582,41
"713",2708863,41
"714",3389300,41
"715",3565477,41
"716",4150731,41
"717",4657496,41
"718",5519881,41
"719",6781848,41
"720",7224738,41
"721",7911798,41
"722",9659173,41
"723",9816257,41
"724",11404636,41
"725",13463261,41
"726",15018653,41
"727",15595655,41
"728",16710492,41
"729",20707848,41
"730",28983337,41
"731",30783775,41
"732",31196431,41
"733",33359533,41
"734",33555554,41
"735",35632302,41
"736",36338125,41
"737",36628072,41
"738",38452521,41
"739",45280010,41
"740",49604781,41
"741",50862292,41
"742",689623,40
"743",754020,40
"744",874076,40
"745",1631878,40
"746",1633234,40
"747",2235666,40
"748",2633912,40
"749",4961851,40
"750",5999569,40
"751",8176659,40
"752",8377415,40
"753",9702511,40
"754",11689351,40
"755",13729010,40
"756",14333038,40
"757",15030690,40
"758",15210146,40
"759",15264411,40
"760",15672226,40
"761",15963303,40
"762",18210319,40
"763",19854248,40
"764",20465459,40
"765",22970197,40
"766",26858674,40
"767",29350903,40
"768",32861412,40
"769",36561668,40
"770",37386447,40
"771",39084258,40
"772",39918326,40
"773",40481485,40
"774",548208029251203072,40
"775",262394,39
"776",741043,39
"777",1512968,39
"778",1919184,39
"779",4898741,39
"780",6372597,39
"781",6621505,39
"782",7539137,39
"783",10096971,39
"784",13825117,39
"785",16270813,39
"786",17618917,39
"787",18017858,39
"788",18613035,39
"789",18780017,39
"790",19884996,39
"791",19885870,39
"792",21964609,39
"793",24776969,39
"794",25831170,39
"795",32625293,39
"796",34745823,39
"797",34987912,39
"798",35732109,39
"799",36586486,39
"800",36628264,39
"801",37902096,39
"802",42184011,39
"803",42801703,39
"804",43673580,39
"805",43976148,39
"806",44352723,39
"807",46953753,39
"808",49315618,39
"809",49484600,39
"810",51876728,39
"811",549310,38
"812",568446,38
"813",759060,38
"814",1102846,38
"815",1514368,38
"816",2871016,38
"817",4209897,38
"818",4300022,38
"819",5114153,38
"820",6089697,38
"821",6732776,38
"822",6816107,38
"823",6834643,38
"824",7260210,38
"825",7704893,38
"826",7864783,38
"827",9506709,38
"828",12319764,38
"829",12558413,38
"830",13906273,38
"831",14159545,38
"832",14394450,38
"833",15534081,38
"834",15659592,38
"835",16486501,38
"836",16630995,38
"837",16804355,38
"838",16967348,38
"839",17678275,38
"840",19861238,38
"841",20123377,38
"842",22543359,38
"843",31582709,38
"844",31871461,38
"845",36627748,38
"846",36632513,38
"847",40103243,38
"848",40358735,38
"849",42400434,38
"850",42510929,38
"851",43709075,38
"852",48127644,38
"853",53737795,38
"854",716107,37
"855",782254,37
"856",932227,37
"857",937635,37
"858",1938510,37
"859",2842228,37
"860",3911407,37
"861",4555659,37
"862",5609836,37
"863",6356312,37
"864",6564456,37
"865",6831658,37
"866",8021127,37
"867",8879722,37
"868",9070642,37
"869",10917343,37
"870",11430214,37
"871",13119217,37
"872",13198248,37
"873",13598808,37
"874",13807292,37
"875",13994591,37
"876",14022661,37
"877",14258648,37
"878",15546882,37
"879",15995195,37
"880",16153200,37
"881",16374467,37
"882",17026274,37
"883",18209663,37
"884",18665291,37
"885",19559154,37
"886",22920222,37
"887",24305993,37
"888",24504360,37
"889",24567873,37
"890",26794663,37
"891",27600742,37
"892",27712060,37
"893",28198817,37
"894",29156993,37
"895",29701331,37
"896",30808063,37
"897",31945078,37
"898",32067350,37
"899",32485928,37
"900",33949094,37
"901",34349936,37
"902",39710965,37
"903",40685816,37
"904",41448877,37
"905",42696339,37
"906",45210760,37
"907",45539504,37
"908",46478635,37
"909",47899171,37
"910",48949401,37
"911",52873231,37
"912",283170,36
"913",633585,36
"914",721551,36
"915",759402,36
"916",870225,36
"917",998754,36
"918",3292084,36
"919",3938749,36
"920",6745944,36
"921",6867245,36
"922",7409137,36
"923",7450864,36
"924",8644656,36
"925",9186603,36
"926",12079751,36
"927",12213244,36
"928",15351988,36
"929",15926617,36
"930",15984970,36
"931",16438704,36
"932",16529952,36
"933",17011476,36
"934",17511090,36
"935",18335433,36
"936",19321849,36
"937",19343174,36
"938",19635966,36
"939",21005647,36
"940",22433970,36
"941",24216684,36
"942",24740652,36
"943",27711492,36
"944",27711659,36
"945",29648361,36
"946",35570381,36
"947",36960971,36
"948",37164265,36
"949",41139493,36
"950",46369237,36
"951",50193797,36
"952",51316529,36
"953",52162280,36
"954",1068565,35
"955",1088859,35
"956",1315392,35
"957",2977065,35
"958",4172192,35
"959",4374040,35
"960",4523624,35
"961",9271262,35
"962",10483201,35
"963",10944855,35
"964",11581438,35
"965",11822995,35
"966",13708567,35
"967",13953385,35
"968",15922851,35
"969",16342515,35
"970",17011879,35
"971",17688373,35
"972",17821445,35
"973",19174314,35
"974",19200364,35
"975",20735962,35
"976",21108062,35
"977",23618844,35
"978",23776178,35
"979",29120704,35
"980",30371430,35
"981",31619907,35
"982",32155806,35
"983",34877330,35
"984",36617492,35
"985",39543731,35
"986",42269224,35
"987",42367204,35
"988",44423332,35
"989",45615277,35
"990",49153929,35
"991",49493100,35
"992",50459917,35
"993",51961840,35
"994",515921,34
"995",679838,34
"996",916850,34
"997",998822,34
"998",1954308,34
"999",2388275,34
"1000",3501084,34
"1001",4860508,34
"1002",5088206,34
"1003",5142163,34
"1004",6243633,34
"1005",6429875,34
"1006",8122504,34
"1007",8573930,34
"1008",8792635,34
"1009",10584731,34
"1010",12251301,34
"1011",13709435,34
"1012",14348158,34
"1013",16198996,34
"1014",16208749,34
"1015",16640930,34
"1016",16715510,34
"1017",17306935,34
"1018",18514892,34
"1019",18733380,34
"1020",19528615,34
"1021",19866276,34
"1022",19939329,34
"1023",21843715,34
"1024",22807937,34
"1025",25144894,34
"1026",27774674,34
"1027",29874862,34
"1028",31378219,34
"1029",33182683,34
"1030",38182173,34
"1031",40543045,34
"1032",41926234,34
"1033",44160789,34
"1034",49681262,34
"1035",50193347,34
"1036",51144055,34
"1037",728145,33
"1038",886192,33
"1039",1383369,33
"1040",1454784,33
"1041",1586071,33
"1042",1901845,33
"1043",2400486,33
"1044",5674097,33
"1045",5819801,33
"1046",6196745,33
"1047",6675077,33
"1048",8278300,33
"1049",9045244,33
"1050",9763557,33
"1051",9808608,33
"1052",11317473,33
"1053",13086175,33
"1054",14172232,33
"1055",15481220,33
"1056",17162941,33
"1057",18384273,33
"1058",18498226,33
"1059",19804632,33
"1060",21331374,33
"1061",21761307,33
"1062",23645991,33
"1063",24786368,33
"1064",25414220,33
"1065",26744310,33
"1066",32236607,33
"1067",32780893,33
"1068",34433258,33
"1069",45052496,33
"1070",45646002,33
"1071",45646849,33
"1072",50341457,33
"1073",50543634,33
"1074",51210294,33
"1075",746067,32
"1076",862411,32
"1077",1224695,32
"1078",1321735,32
"1079",1734564,32
"1080",2344785,32
"1081",2518607,32
"1082",2955804,32
"1083",2965812,32
"1084",3099266,32
"1085",4011762,32
"1086",4543149,32
"1087",5877192,32
"1088",6754992,32
"1089",7382576,32
"1090",7394725,32
"1091",8551630,32
"1092",8725786,32
"1093",10111606,32
"1094",12251311,32
"1095",13074889,32
"1096",13425006,32
"1097",13853337,32
"1098",14054326,32
"1099",14884660,32
"1100",15373310,32
"1101",16185181,32
"1102",17136286,32
"1103",18589514,32
"1104",19218852,32
"1105",19847628,32
"1106",20430895,32
"1107",20987240,32
"1108",22714053,32
"1109",23272847,32
"1110",24820613,32
"1111",25994034,32
"1112",29071896,32
"1113",29845284,32
"1114",30335270,32
"1115",31348432,32
"1116",31852191,32
"1117",31945032,32
"1118",34356003,32
"1119",36824667,32
"1120",38251744,32
"1121",38869887,32
"1122",39752904,32
"1123",39896329,32
"1124",40428175,32
"1125",41178657,32
"1126",41522652,32
"1127",43073360,32
"1128",43672517,32
"1129",44137368,32
"1130",45747871,32
"1131",49207726,32
"1132",367491,31
"1133",1041309,31
"1134",1353468,31
"1135",1734769,31
"1136",1894944,31
"1137",2434568,31
"1138",3261562,31
"1139",3365308,31
"1140",4381773,31
"1141",4861970,31
"1142",6512602,31
"1143",7616030,31
"1144",8189988,31
"1145",9075972,31
"1146",9536529,31
"1147",9772215,31
"1148",10483384,31
"1149",11790061,31
"1150",12334831,31
"1151",13431398,31
"1152",13537254,31
"1153",13612108,31
"1154",13817814,31
"1155",13851468,31
"1156",14591839,31
"1157",15110564,31
"1158",15786513,31
"1159",16197958,31
"1160",18031862,31
"1161",18604324,31
"1162",18816460,31
"1163",21070372,31
"1164",21556688,31
"1165",21640663,31
"1166",21747088,31
"1167",21964561,31
"1168",23806047,31
"1169",25187646,31
"1170",29007722,31
"1171",30177899,31
"1172",31086086,31
"1173",32251448,31
"1174",36829748,31
"1175",38874720,31
"1176",42367653,31
"1177",45072261,31
"1178",45985252,31
"1179",46369075,31
"1180",48306436,31
"1181",49493264,31
"1182",49843448,31
"1183",50543899,31
"1184",52511290,31
"1185",54328953,31
"1186",162467,30
"1187",254800,30
"1188",515749,30
"1189",635019,30
"1190",1328500,30
"1191",1699370,30
"1192",1767048,30
"1193",2116719,30
"1194",2174515,30
"1195",2235708,30
"1196",2272303,30
"1197",3003918,30
"1198",3229172,30
"1199",3280939,30
"1200",3294707,30
"1201",3583322,30
"1202",3763507,30
"1203",4779111,30
"1204",5663785,30
"1205",5902525,30
"1206",6120031,30
"1207",6850043,30
"1208",8006682,30
"1209",9289874,30
"1210",10119487,30
"1211",10304861,30
"1212",10421029,30
"1213",11903464,30
"1214",13017542,30
"1215",13247212,30
"1216",13350004,30
"1217",14462366,30
"1218",15318115,30
"1219",15351762,30
"1220",16065634,30
"1221",18939163,30
"1222",19138008,30
"1223",24901304,30
"1224",28239821,30
"1225",32559296,30
"1226",33508984,30
"1227",35889138,30
"1228",38634976,30
"1229",42424116,30
"1230",42530726,30
"1231",51302114,30
"1232",51876934,30
"1233",306852,29
"1234",553514,29
"1235",933523,29
"1236",1038120,29
"1237",1106466,29
"1238",2741939,29
"1239",3040900,29
"1240",3966768,29
"1241",4187658,29
"1242",4216625,29
"1243",6826043,29
"1244",7969191,29
"1245",8093694,29
"1246",9567895,29
"1247",10122850,29
"1248",10379281,29
"1249",11426523,29
"1250",11858660,29
"1251",12977165,29
"1252",15167502,29
"1253",15354556,29
"1254",15911681,29
"1255",16021092,29
"1256",16529838,29
"1257",18338304,29
"1258",19141385,29
"1259",19842083,29
"1260",20118492,29
"1261",20447839,29
"1262",21103171,29
"1263",21540463,29
"1264",21686745,29
"1265",26985641,29
"1266",27595911,29
"1267",27710965,29
"1268",28234064,29
"1269",28270449,29
"1270",31942766,29
"1271",31979911,29
"1272",35791569,29
"1273",36342920,29
"1274",36669987,29
"1275",40231867,29
"1276",40363985,29
"1277",40575103,29
"1278",42393049,29
"1279",42855140,29
"1280",43124143,29
"1281",46374246,29
"1282",51596066,29
"1283",51852210,29
"1284",44391,28
"1285",1155386,28
"1286",2455913,28
"1287",3459981,28
"1288",4062563,28
"1289",5671597,28
"1290",6624170,28
"1291",6845563,28
"1292",7449504,28
"1293",7595349,28
"1294",8095648,28
"1295",8977362,28
"1296",9490497,28
"1297",9840533,28
"1298",11697661,28
"1299",12082536,28
"1300",12761526,28
"1301",13882569,28
"1302",14206892,28
"1303",16202534,28
"1304",16202960,28
"1305",16422457,28
"1306",17382728,28
"1307",19006771,28
"1308",19061374,28
"1309",19330535,28
"1310",20357045,28
"1311",20644162,28
"1312",20736260,28
"1313",21198240,28
"1314",21277877,28
"1315",21815300,28
"1316",21825799,28
"1317",23759081,28
"1318",24383671,28
"1319",24389089,28
"1320",24652004,28
"1321",24730066,28
"1322",25943721,28
"1323",27711769,28
"1324",28146773,28
"1325",32337426,28
"1326",32541862,28
"1327",33605770,28
"1328",37576592,28
"1329",40386142,28
"1330",40833312,28
"1331",43723802,28
"1332",46369170,28
"1333",48668956,28
"1334",50630755,28
"1335",311124,27
"1336",2384332,27
"1337",3604547,27
"1338",4448285,27
"1339",4627398,27
"1340",4880879,27
"1341",5474153,27
"1342",6371658,27
"1343",6524982,27
"1344",6539947,27
"1345",7929179,27
"1346",11708784,27
"1347",11748044,27
"1348",12596165,27
"1349",13107969,27
"1350",13345207,27
"1351",15441005,27
"1352",15658599,27
"1353",16775644,27
"1354",17457335,27
"1355",17778084,27
"1356",17859181,27
"1357",18912531,27
"1358",18954525,27
"1359",18972421,27
"1360",19353540,27
"1361",20120542,27
"1362",21147886,27
"1363",21287496,27
"1364",21546628,27
"1365",22103287,27
"1366",24925810,27
"1367",26516140,27
"1368",28892595,27
"1369",29116941,27
"1370",33242539,27
"1371",33604204,27
"1372",33677866,27
"1373",35662871,27
"1374",36953210,27
"1375",38665022,27
"1376",39401306,27
"1377",39725240,27
"1378",41942676,27
"1379",43388883,27
"1380",44310953,27
"1381",46119645,27
"1382",47709909,27
"1383",52379595,27
"1384",54043086,27
"1385",559792626893351040,27
"1386",702894,26
"1387",877702,26
"1388",1246242,26
"1389",1645011,26
"1390",1926792,26
"1391",1927634,26
"1392",2074047,26
"1393",2088011,26
"1394",3388684,26
"1395",3856186,26
"1396",3865210,26
"1397",4522340,26
"1398",4590871,26
"1399",6430582,26
"1400",6820290,26
"1401",6890932,26
"1402",7201865,26
"1403",7324648,26
"1404",7416224,26
"1405",7576502,26
"1406",8528299,26
"1407",9040505,26
"1408",9856921,26
"1409",10817619,26
"1410",11386080,26
"1411",12104462,26
"1412",12885866,26
"1413",13597907,26
"1414",13612056,26
"1415",14760457,26
"1416",14786257,26
"1417",15045784,26
"1418",17026187,26
"1419",17536444,26
"1420",17960148,26
"1421",20226379,26
"1422",20826986,26
"1423",21547191,26
"1424",22148520,26
"1425",22216801,26
"1426",22627191,26
"1427",22872252,26
"1428",23819110,26
"1429",24682460,26
"1430",24712459,26
"1431",27053257,26
"1432",28582447,26
"1433",28957881,26
"1434",30394912,26
"1435",30844610,26
"1436",31393518,26
"1437",31945342,26
"1438",32234160,26
"1439",32635929,26
"1440",34349950,26
"1441",43708450,26
"1442",43766788,26
"1443",44331367,26
"1444",46346167,26
"1445",49008373,26
"1446",50359331,26
"1447",52230621,26
"1448",415619,25
"1449",538723,25
"1450",1267645,25
"1451",1354077,25
"1452",1892532,25
"1453",2581386,25
"1454",3492282,25
"1455",3758059,25
"1456",4382235,25
"1457",5115463,25
"1458",6358749,25
"1459",6629852,25
"1460",7696601,25
"1461",7729814,25
"1462",10055684,25
"1463",12039992,25
"1464",13389882,25
"1465",13655161,25
"1466",14909329,25
"1467",15668614,25
"1468",16127802,25
"1469",16404688,25
"1470",16538401,25
"1471",17699304,25
"1472",18107108,25
"1473",18234191,25
"1474",18237895,25
"1475",18306363,25
"1476",18681903,25
"1477",18906944,25
"1478",18942271,25
"1479",18966112,25
"1480",19132615,25
"1481",19620663,25
"1482",20045483,25
"1483",20488828,25
"1484",21746528,25
"1485",21783686,25
"1486",21980258,25
"1487",22697827,25
"1488",23430951,25
"1489",24743141,25
"1490",27865341,25
"1491",29291959,25
"1492",30026596,25
"1493",30356862,25
"1494",30685379,25
"1495",32624418,25
"1496",33660154,25
"1497",34188854,25
"1498",35119963,25
"1499",38214466,25
"1500",38565275,25
"1501",39642322,25
"1502",42002434,25
"1503",44365715,25
"1504",47017355,25
"1505",47709874,25
"1506",48585578,25
"1507",51050985,25
"1508",52998800,25
"1509",462341,24
"1510",587228,24
"1511",719623,24
"1512",916096,24
"1513",1036888,24
"1514",1064108,24
"1515",1145140,24
"1516",1158662,24
"1517",1320353,24
"1518",2912309,24
"1519",3120537,24
"1520",3206158,24
"1521",3282245,24
"1522",3287537,24
"1523",3649382,24
"1524",4774677,24
"1525",4884158,24
"1526",5390933,24
"1527",5427607,24
"1528",6605182,24
"1529",7007415,24
"1530",7822985,24
"1531",7981030,24
"1532",8188948,24
"1533",8759098,24
"1534",10043980,24
"1535",11264941,24
"1536",11962960,24
"1537",12482590,24
"1538",12514682,24
"1539",13196981,24
"1540",13441385,24
"1541",13821980,24
"1542",14171624,24
"1543",14804548,24
"1544",15713472,24
"1545",16197533,24
"1546",16697065,24
"1547",17365362,24
"1548",18115831,24
"1549",18640810,24
"1550",18816109,24
"1551",19111682,24
"1552",19835662,24
"1553",20081135,24
"1554",21345715,24
"1555",21421856,24
"1556",21810730,24
"1557",22176775,24
"1558",23462549,24
"1559",23628998,24
"1560",24515712,24
"1561",24676438,24
"1562",24827860,24
"1563",24998819,24
"1564",26936908,24
"1565",27850551,24
"1566",28064282,24
"1567",28535049,24
"1568",28706467,24
"1569",29622686,24
"1570",31709131,24
"1571",32624963,24
"1572",35816081,24
"1573",36928848,24
"1574",41258369,24
"1575",43920891,24
"1576",46348181,24
"1577",49473475,24
"1578",51973359,24
"1579",52714871,24
"1580",62015,23
"1581",768274,23
"1582",890355,23
"1583",1366058,23
"1584",1929777,23
"1585",1937894,23
"1586",2459307,23
"1587",2638773,23
"1588",3138594,23
"1589",3796459,23
"1590",3833796,23
"1591",3841339,23
"1592",4064665,23
"1593",4282415,23
"1594",4435968,23
"1595",5121629,23
"1596",5501544,23
"1597",5663570,23
"1598",5706436,23
"1599",5832006,23
"1600",6259402,23
"1601",6633038,23
"1602",6656481,23
"1603",6770035,23
"1604",8475898,23
"1605",11942440,23
"1606",12196335,23
"1607",13428614,23
"1608",15564496,23
"1609",15959684,23
"1610",16153298,23
"1611",16328805,23
"1612",16751079,23
"1613",17564346,23
"1614",18960017,23
"1615",19616960,23
"1616",19667159,23
"1617",19881995,23
"1618",20618345,23
"1619",20840176,23
"1620",21208132,23
"1621",21294358,23
"1622",21374801,23
"1623",22300673,23
"1624",23815895,23
"1625",26383495,23
"1626",27745560,23
"1627",28516161,23
"1628",28973269,23
"1629",30389821,23
"1630",33416933,23
"1631",33553227,23
"1632",38214492,23
"1633",38821250,23
"1634",40344128,23
"1635",42446222,23
"1636",43388765,23
"1637",43672128,23
"1638",44366979,23
"1639",46254494,23
"1640",46591961,23
"1641",50521564,23
"1642",52575047,23
"1643",52687629,23
"1644",97476,22
"1645",780674,22
"1646",816940,22
"1647",919131,22
"1648",1020477,22
"1649",1174506,22
"1650",1195666,22
"1651",2405360,22
"1652",3504128,22
"1653",4029316,22
"1654",4119684,22
"1655",4721855,22
"1656",5072326,22
"1657",6532120,22
"1658",6780631,22
"1659",6830226,22
"1660",7239681,22
"1661",7787732,22
"1662",7932992,22
"1663",8467413,22
"1664",8877094,22
"1665",9799012,22
"1666",9996040,22
"1667",10204197,22
"1668",11306432,22
"1669",11619482,22
"1670",12464607,22
"1671",12744183,22
"1672",13812273,22
"1673",13897722,22
"1674",14021891,22
"1675",15441753,22
"1676",16317272,22
"1677",16355117,22
"1678",16459266,22
"1679",16523466,22
"1680",16907665,22
"1681",16996727,22
"1682",17435636,22
"1683",18405300,22
"1684",18410648,22
"1685",18844549,22
"1686",20907952,22
"1687",20981331,22
"1688",22966959,22
"1689",23971011,22
"1690",24073841,22
"1691",24910547,22
"1692",26079314,22
"1693",26489486,22
"1694",27711181,22
"1695",27711346,22
"1696",27713691,22
"1697",28769068,22
"1698",28806971,22
"1699",29775727,22
"1700",31944927,22
"1701",32275591,22
"1702",38530763,22
"1703",38711070,22
"1704",39607386,22
"1705",39698183,22
"1706",43049949,22
"1707",44259980,22
"1708",44310951,22
"1709",45356991,22
"1710",45539466,22
"1711",46631908,22
"1712",49119460,22
"1713",49473555,22
"1714",50847245,22
"1715",501281870137313792,22
"1716",853645,21
"1717",890288,21
"1718",951483,21
"1719",1018639,21
"1720",1225622,21
"1721",1694534,21
"1722",1943465,21
"1723",3225605,21
"1724",3352657,21
"1725",3574552,21
"1726",4096584,21
"1727",5260611,21
"1728",5848732,21
"1729",6264293,21
"1730",6418164,21
"1731",6455099,21
"1732",10334240,21
"1733",10492761,21
"1734",10569785,21
"1735",10952396,21
"1736",11454092,21
"1737",12371557,21
"1738",13691198,21
"1739",15416044,21
"1740",15762615,21
"1741",15785019,21
"1742",15953085,21
"1743",16154366,21
"1744",17519995,21
"1745",17892757,21
"1746",17953351,21
"1747",18000413,21
"1748",18063880,21
"1749",18485336,21
"1750",19284547,21
"1751",19303386,21
"1752",19480924,21
"1753",19570542,21
"1754",19845595,21
"1755",19875455,21
"1756",19960330,21
"1757",19991681,21
"1758",21747510,21
"1759",22062268,21
"1760",22120577,21
"1761",22299023,21
"1762",22303547,21
"1763",23054732,21
"1764",24362175,21
"1765",25818312,21
"1766",27239002,21
"1767",27281605,21
"1768",27326505,21
"1769",27916775,21
"1770",27921739,21
"1771",30282572,21
"1772",30905786,21
"1773",32624425,21
"1774",33361465,21
"1775",33416292,21
"1776",35825085,21
"1777",35859398,21
"1778",36546346,21
"1779",36684541,21
"1780",37222160,21
"1781",43574913,21
"1782",44695126,21
"1783",48668901,21
"1784",49820524,21
"1785",49833727,21
"1786",49940021,21
"1787",50838617,21
"1788",51395892,21
"1789",52849391,21
"1790",505012,20
"1791",1155251,20
"1792",1377662,20
"1793",1397317,20
"1794",1731246,20
"1795",2368869,20
"1796",2534067,20
"1797",2985952,20
"1798",3004400,20
"1799",3174322,20
"1800",3254077,20
"1801",3260866,20
"1802",4697911,20
"1803",6356866,20
"1804",6594177,20
"1805",7338230,20
"1806",7566493,20
"1807",7577306,20
"1808",7597331,20
"1809",7703027,20
"1810",8502593,20
"1811",8770120,20
"1812",9461142,20
"1813",9641233,20
"1814",9895854,20
"1815",10582203,20
"1816",10625213,20
"1817",12221842,20
"1818",13601323,20
"1819",13654387,20
"1820",14387468,20
"1821",15249058,20
"1822",15304003,20
"1823",15927947,20
"1824",16204076,20
"1825",17461238,20
"1826",17565780,20
"1827",17724135,20
"1828",18496678,20
"1829",19384110,20
"1830",19444004,20
"1831",20743521,20
"1832",20859474,20
"1833",20945152,20
"1834",20975003,20
"1835",21093374,20
"1836",21236975,20
"1837",22014200,20
"1838",22759349,20
"1839",23593065,20
"1840",23647458,20
"1841",23678341,20
"1842",23832372,20
"1843",24111530,20
"1844",25227661,20
"1845",25500038,20
"1846",26276922,20
"1847",26744905,20
"1848",27713449,20
"1849",28250151,20
"1850",29668487,20
"1851",30464560,20
"1852",30814294,20
"1853",30872076,20
"1854",31561365,20
"1855",31742663,20
"1856",31856901,20
"1857",32624420,20
"1858",33650347,20
"1859",34496448,20
"1860",34505851,20
"1861",35157940,20
"1862",35326837,20
"1863",36301731,20
"1864",36617193,20
"1865",36711377,20
"1866",38278551,20
"1867",39361288,20
"1868",40524374,20
"1869",40960069,20
"1870",41551571,20
"1871",41660982,20
"1872",43989134,20
"1873",44352581,20
"1874",44423973,20
"1875",44455238,20
"1876",44586588,20
"1877",45464812,20
"1878",45838899,20
"1879",50021981,20
"1880",50126016,20
"1881",50821394,20
"1882",52974738,20
"1883",575083882544272896,20
"1884",583806637571348736,20
"1885",55709,19
"1886",441424,19
"1887",847093,19
"1888",1355777,19
"1889",1828391,19
"1890",2144308,19
"1891",3322840,19
"1892",3708105,19
"1893",3853993,19
"1894",4255200,19
"1895",4619390,19
"1896",5494065,19
"1897",5503580,19
"1898",5865654,19
"1899",5881435,19
"1900",6260326,19
"1901",6786864,19
"1902",6942100,19
"1903",7284214,19
"1904",7357862,19
"1905",8398522,19
"1906",8484166,19
"1907",8896452,19
"1908",8930278,19
"1909",12164521,19
"1910",12227324,19
"1911",12772984,19
"1912",13353566,19
"1913",14218726,19
"1914",14439841,19
"1915",14745224,19
"1916",14845555,19
"1917",15574248,19
"1918",15752260,19
"1919",16107987,19
"1920",16203884,19
"1921",17042462,19
"1922",17115931,19
"1923",17278364,19
"1924",17631393,19
"1925",18021604,19
"1926",18270441,19
"1927",18944964,19
"1928",19942146,19
"1929",20838248,19
"1930",20922280,19
"1931",21050762,19
"1932",21558114,19
"1933",21662869,19
"1934",22032316,19
"1935",22154721,19
"1936",23266609,19
"1937",23770069,19
"1938",24722485,19
"1939",24854756,19
"1940",24915775,19
"1941",26003691,19
"1942",26139659,19
"1943",27944416,19
"1944",30930837,19
"1945",31100723,19
"1946",31352081,19
"1947",32325935,19
"1948",32488859,19
"1949",32624427,19
"1950",32691009,19
"1951",34349941,19
"1952",34384920,19
"1953",36863216,19
"1954",37211717,19
"1955",37318497,19
"1956",37343840,19
"1957",37902120,19
"1958",38631602,19
"1959",38663393,19
"1960",38932703,19
"1961",41548225,19
"1962",43686728,19
"1963",43713874,19
"1964",44568529,19
"1965",45615322,19
"1966",48579568,19
"1967",49867500,19
"1968",50692757,19
"1969",50770030,19
"1970",51961765,19
"1971",53247697,19
"1972",54255244,19
"1973",494433,18
"1974",954629,18
"1975",989222,18
"1976",1605387,18
"1977",1620658,18
"1978",1838751,18
"1979",1910692,18
"1980",3237893,18
"1981",3917964,18
"1982",3974283,18
"1983",5950023,18
"1984",6447564,18
"1985",6825880,18
"1986",7166473,18
"1987",7448268,18
"1988",8744580,18
"1989",9461010,18
"1990",10534679,18
"1991",11175840,18
"1992",11267148,18
"1993",12130964,18
"1994",12139525,18
"1995",12314549,18
"1996",12898795,18
"1997",13135409,18
"1998",13219341,18
"1999",13336515,18
"2000",13509119,18
"2001",14765588,18
"2002",15069603,18
"2003",15310556,18
"2004",15374358,18
"2005",15563670,18
"2006",16526188,18
"2007",17083314,18
"2008",17390004,18
"2009",17771718,18
"2010",18323926,18
"2011",18784059,18
"2012",18800259,18
"2013",19467604,18
"2014",19527624,18
"2015",21184567,18
"2016",22919004,18
"2017",22929446,18
"2018",23100840,18
"2019",23347675,18
"2020",23607656,18
"2021",23662346,18
"2022",24111219,18
"2023",24503914,18
"2024",26312130,18
"2025",27041918,18
"2026",27103385,18
"2027",27160776,18
"2028",27653760,18
"2029",27754860,18
"2030",28750364,18
"2031",30946085,18
"2032",32279527,18
"2033",32538281,18
"2034",32560952,18
"2035",33008703,18
"2036",34349938,18
"2037",34798355,18
"2038",34850406,18
"2039",35329748,18
"2040",35345411,18
"2041",36469116,18
"2042",37732527,18
"2043",38377537,18
"2044",38774989,18
"2045",39431135,18
"2046",42878916,18
"2047",43486642,18
"2048",43705764,18
"2049",43767410,18
"2050",45465056,18
"2051",45615193,18
"2052",45694235,18
"2053",46592190,18
"2054",47811447,18
"2055",49973520,18
"2056",50511985,18
"2057",50888392,18
"2058",52848782,18
"2059",53267102,18
"2060",572146163845162880,18
"2061",308028,17
"2062",483779,17
"2063",590236,17
"2064",1058082,17
"2065",1566348,17
"2066",2016153,17
"2067",3841266,17
"2068",3856777,17
"2069",3955896,17
"2070",4216576,17
"2071",4295087,17
"2072",4616816,17
"2073",5836389,17
"2074",6057672,17
"2075",6471162,17
"2076",7015007,17
"2077",7292517,17
"2078",7786634,17
"2079",7786801,17
"2080",7945458,17
"2081",8826432,17
"2082",11562257,17
"2083",13933082,17
"2084",14011549,17
"2085",14346556,17
"2086",14363151,17
"2087",14572858,17
"2088",14728813,17
"2089",15171981,17
"2090",17584360,17
"2091",18145166,17
"2092",18458032,17
"2093",18718588,17
"2094",18878996,17
"2095",21005934,17
"2096",21247963,17
"2097",22188437,17
"2098",24202491,17
"2099",24238949,17
"2100",24276106,17
"2101",24565009,17
"2102",25011380,17
"2103",26114217,17
"2104",26271194,17
"2105",26465711,17
"2106",26829033,17
"2107",27221235,17
"2108",28215817,17
"2109",28517324,17
"2110",29452517,17
"2111",30142159,17
"2112",32155043,17
"2113",32280609,17
"2114",33426492,17
"2115",33730236,17
"2116",35038816,17
"2117",35859555,17
"2118",36756084,17
"2119",36877030,17
"2120",37452579,17
"2121",38170899,17
"2122",38417080,17
"2123",38900305,17
"2124",39194258,17
"2125",39269463,17
"2126",42550739,17
"2127",42560588,17
"2128",43364131,17
"2129",44269819,17
"2130",44947670,17
"2131",48127633,17
"2132",48841483,17
"2133",49647114,17
"2134",49833858,17
"2135",50342116,17
"2136",51572428,17
"2137",53269745,17
"2138",561377261110332672,17
"2139",55868,16
"2140",274688,16
"2141",653459,16
"2142",660856,16
"2143",964986,16
"2144",1086763,16
"2145",1792271,16
"2146",2450249,16
"2147",3163509,16
"2148",3172327,16
"2149",4763419,16
"2150",4964816,16
"2151",5034576,16
"2152",5128825,16
"2153",5428747,16
"2154",5899241,16
"2155",6003944,16
"2156",6392669,16
"2157",6827912,16
"2158",7017061,16
"2159",7159415,16
"2160",9322953,16
"2161",10549599,16
"2162",11054922,16
"2163",11563135,16
"2164",13491924,16
"2165",13760261,16
"2166",13854467,16
"2167",14070038,16
"2168",14122983,16
"2169",16721604,16
"2170",17297257,16
"2171",17428515,16
"2172",17871313,16
"2173",18817028,16
"2174",19562542,16
"2175",20084434,16
"2176",22670599,16
"2177",23642726,16
"2178",24016519,16
"2179",24035907,16
"2180",24571176,16
"2181",25391426,16
"2182",25760744,16
"2183",26294197,16
"2184",26558362,16
"2185",26794556,16
"2186",26838436,16
"2187",27546826,16
"2188",28059954,16
"2189",28236509,16
"2190",28352406,16
"2191",29304751,16
"2192",29351101,16
"2193",29456107,16
"2194",29456931,16
"2195",29913161,16
"2196",30202960,16
"2197",30505312,16
"2198",32021626,16
"2199",33904432,16
"2200",35367206,16
"2201",35612947,16
"2202",36759213,16
"2203",37078231,16
"2204",39737928,16
"2205",39998311,16
"2206",42019965,16
"2207",42431450,16
"2208",43733736,16
"2209",43922419,16
"2210",44043348,16
"2211",44423940,16
"2212",45311452,16
"2213",45859773,16
"2214",46159688,16
"2215",46348037,16
"2216",48598128,16
"2217",49834362,16
"2218",50457059,16
"2219",51161993,16
"2220",51631137,16
"2221",580870087750124032,16
"2222",304143,15
"2223",507598,15
"2224",508433,15
"2225",874688,15
"2226",1005695,15
"2227",2023961,15
"2228",2097548,15
"2229",2255109,15
"2230",2697739,15
"2231",2700444,15
"2232",2984018,15
"2233",3096518,15
"2234",3180371,15
"2235",3277053,15
"2236",3285500,15
"2237",3383368,15
"2238",3806069,15
"2239",4299280,15
"2240",4386276,15
"2241",4432642,15
"2242",6764251,15
"2243",7352133,15
"2244",8111159,15
"2245",8913666,15
"2246",9292601,15
"2247",10025641,15
"2248",10320950,15
"2249",10468991,15
"2250",11098408,15
"2251",11597319,15
"2252",12661281,15
"2253",13179196,15
"2254",13968358,15
"2255",14911690,15
"2256",15005354,15
"2257",15214101,15
"2258",15382115,15
"2259",16203297,15
"2260",16341879,15
"2261",18194727,15
"2262",18588879,15
"2263",19941136,15
"2264",20672438,15
"2265",21264368,15
"2266",22458840,15
"2267",23082067,15
"2268",23432961,15
"2269",23601178,15
"2270",24281927,15
"2271",25754779,15
"2272",25802307,15
"2273",26560199,15
"2274",28018811,15
"2275",28252823,15
"2276",28854693,15
"2277",28859886,15
"2278",29800652,15
"2279",29979592,15
"2280",30108002,15
"2281",30289771,15
"2282",30708651,15
"2283",30901852,15
"2284",31453479,15
"2285",31506891,15
"2286",31709186,15
"2287",33008921,15
"2288",33304570,15
"2289",33875782,15
"2290",34712304,15
"2291",34894542,15
"2292",35860119,15
"2293",36619516,15
"2294",36967525,15
"2295",37378443,15
"2296",37902745,15
"2297",38591607,15
"2298",39096717,15
"2299",39143576,15
"2300",39630683,15
"2301",40100113,15
"2302",40110758,15
"2303",40547032,15
"2304",40606541,15
"2305",40611323,15
"2306",42211431,15
"2307",42289164,15
"2308",42289865,15
"2309",43575751,15
"2310",43913659,15
"2311",44174770,15
"2312",44586947,15
"2313",45841645,15
"2314",47352181,15
"2315",50342109,15
"2316",51031838,15
"2317",51223482,15
"2318",52364582,15
"2319",52564798,15
"2320",53489394,15
"2321",53564482,15
"2322",554032391871247936,15
"2323",331946,14
"2324",575603,14
"2325",895684,14
"2326",1132247,14
"2327",1364013,14
"2328",1432378,14
"2329",1713147,14
"2330",2529643,14
"2331",2981842,14
"2332",2981875,14
"2333",3113368,14
"2334",3244143,14
"2335",3753084,14
"2336",4185598,14
"2337",5132885,14
"2338",5401988,14
"2339",6966341,14
"2340",7232162,14
"2341",7259667,14
"2342",8201117,14
"2343",11524594,14
"2344",11946705,14
"2345",12384368,14
"2346",12510553,14
"2347",12553513,14
"2348",13035842,14
"2349",13841525,14
"2350",13932749,14
"2351",13934570,14
"2352",14879214,14
"2353",16671672,14
"2354",16852387,14
"2355",18115300,14
"2356",18225467,14
"2357",18269651,14
"2358",18322730,14
"2359",18531581,14
"2360",19042016,14
"2361",19138700,14
"2362",19975805,14
"2363",20325871,14
"2364",20669946,14
"2365",21363769,14
"2366",21778270,14
"2367",22500574,14
"2368",22605745,14
"2369",22620752,14
"2370",23728825,14
"2371",25051800,14
"2372",25159692,14
"2373",25436146,14
"2374",25436200,14
"2375",25776308,14
"2376",26329643,14
"2377",26793214,14
"2378",27520015,14
"2379",27616092,14
"2380",29275106,14
"2381",30089759,14
"2382",31208676,14
"2383",31820294,14
"2384",32729549,14
"2385",33087684,14
"2386",33364999,14
"2387",33568150,14
"2388",34032786,14
"2389",35302424,14
"2390",35610949,14
"2391",35864556,14
"2392",36258613,14
"2393",36697451,14
"2394",38903493,14
"2395",39022530,14
"2396",39684058,14
"2397",40362812,14
"2398",40728654,14
"2399",40745821,14
"2400",41603564,14
"2401",41680836,14
"2402",43042407,14
"2403",44038728,14
"2404",44423961,14
"2405",45361529,14
"2406",45377781,14
"2407",45488821,14
"2408",48668767,14
"2409",48818438,14
"2410",49473717,14
"2411",49478598,14
"2412",49492998,14
"2413",50666229,14
"2414",51418830,14
"2415",51637855,14
"2416",51938132,14
"2417",52108296,14
"2418",52231889,14
"2419",54071180,14
"2420",169356,13
"2421",957396,13
"2422",1095819,13
"2423",1331157,13
"2424",2065321,13
"2425",2084758,13
"2426",2574202,13
"2427",2809026,13
"2428",3209240,13
"2429",3407896,13
"2430",3867834,13
"2431",4320334,13
"2432",4806346,13
"2433",4969675,13
"2434",5635872,13
"2435",5884996,13
"2436",6091841,13
"2437",6211859,13
"2438",7285418,13
"2439",7711662,13
"2440",7891764,13
"2441",8099820,13
"2442",8100829,13
"2443",8146052,13
"2444",9360964,13
"2445",9402905,13
"2446",10044256,13
"2447",11133618,13
"2448",11217131,13
"2449",11694315,13
"2450",12949094,13
"2451",13611657,13
"2452",14123916,13
"2453",14548324,13
"2454",14883807,13
"2455",15209631,13
"2456",15854242,13
"2457",16761223,13
"2458",17889982,13
"2459",18667438,13
"2460",18855539,13
"2461",19666838,13
"2462",20029085,13
"2463",20162728,13
"2464",20967046,13
"2465",21364983,13
"2466",21578338,13
"2467",21619008,13
"2468",21653217,13
"2469",22289473,13
"2470",22661342,13
"2471",22712436,13
"2472",22725257,13
"2473",22781669,13
"2474",22822451,13
"2475",22853545,13
"2476",22896629,13
"2477",23083927,13
"2478",23105158,13
"2479",23326462,13
"2480",23364006,13
"2481",23683563,13
"2482",23802729,13
"2483",24591991,13
"2484",25698586,13
"2485",26248015,13
"2486",26482715,13
"2487",26761013,13
"2488",26879765,13
"2489",27478968,13
"2490",27622005,13
"2491",27825991,13
"2492",28329497,13
"2493",28382281,13
"2494",28515027,13
"2495",28578641,13
"2496",28922236,13
"2497",31481840,13
"2498",32692691,13
"2499",32806651,13
"2500",33092889,13
"2501",33713934,13
"2502",34011933,13
"2503",34312839,13
"2504",35338083,13
"2505",35670823,13
"2506",36411869,13
"2507",36869704,13
"2508",38170545,13
"2509",40273013,13
"2510",41141392,13
"2511",41150601,13
"2512",41728240,13
"2513",42192150,13
"2514",43756155,13
"2515",43969723,13
"2516",44365699,13
"2517",44529802,13
"2518",45051990,13
"2519",45525638,13
"2520",45591405,13
"2521",46347644,13
"2522",46347796,13
"2523",48004432,13
"2524",48127663,13
"2525",49085366,13
"2526",49680833,13
"2527",49833343,13
"2528",50235548,13
"2529",50515860,13
"2530",50544630,13
"2531",51476794,13
"2532",51709293,13
"2533",52119859,13
"2534",52630801,13
"2535",52840207,13
"2536",53248489,13
"2537",54171843,13
"2538",219276,12
"2539",517996,12
"2540",623123,12
"2541",1037485,12
"2542",1104125,12
"2543",1320438,12
"2544",1408035,12
"2545",1845443,12
"2546",1849795,12
"2547",2144304,12
"2548",2474754,12
"2549",2829553,12
"2550",2892186,12
"2551",2981853,12
"2552",3212754,12
"2553",3430456,12
"2554",4158675,12
"2555",6297991,12
"2556",6439888,12
"2557",6442389,12
"2558",6657872,12
"2559",6982667,12
"2560",7042979,12
"2561",7049460,12
"2562",7318827,12
"2563",7721564,12
"2564",8359684,12
"2565",8513183,12
"2566",9340964,12
"2567",10800247,12
"2568",10823505,12
"2569",11024345,12
"2570",11113843,12
"2571",12839333,12
"2572",12959197,12
"2573",13017363,12
"2574",13152028,12
"2575",13277304,12
"2576",13476691,12
"2577",13889292,12
"2578",14182817,12
"2579",14218256,12
"2580",14465905,12
"2581",15387882,12
"2582",15656343,12
"2583",16685383,12
"2584",16788501,12
"2585",17007711,12
"2586",17311781,12
"2587",18650212,12
"2588",19024637,12
"2589",19397125,12
"2590",19634664,12
"2591",20451620,12
"2592",21001196,12
"2593",21792561,12
"2594",21930458,12
"2595",21954616,12
"2596",22028930,12
"2597",22188513,12
"2598",22663747,12
"2599",24026636,12
"2600",24507312,12
"2601",24855185,12
"2602",25021801,12
"2603",26143006,12
"2604",26185801,12
"2605",26265461,12
"2606",26290393,12
"2607",26292322,12
"2608",26869538,12
"2609",26950990,12
"2610",27520055,12
"2611",27525864,12
"2612",27608003,12
"2613",27744275,12
"2614",28102597,12
"2615",28881884,12
"2616",29307344,12
"2617",29953708,12
"2618",30359891,12
"2619",30456037,12
"2620",30757070,12
"2621",31110035,12
"2622",31536003,12
"2623",31944954,12
"2624",33521588,12
"2625",34099666,12
"2626",34539389,12
"2627",34684651,12
"2628",34714475,12
"2629",34830481,12
"2630",35419010,12
"2631",36615250,12
"2632",36760602,12
"2633",36900951,12
"2634",37205427,12
"2635",38337368,12
"2636",38536192,12
"2637",38872005,12
"2638",39619813,12
"2639",39708831,12
"2640",39855917,12
"2641",40563928,12
"2642",41365349,12
"2643",41466832,12
"2644",41967924,12
"2645",42134255,12
"2646",43046236,12
"2647",43919608,12
"2648",43976314,12
"2649",44171774,12
"2650",45461175,12
"2651",45525551,12
"2652",45539684,12
"2653",49711926,12
"2654",50586514,12
"2655",51114986,12
"2656",51241075,12
"2657",52141403,12
"2658",52727565,12
"2659",53346731,12
"2660",367107,11
"2661",556829,11
"2662",1568669,11
"2663",1681041,11
"2664",1723463,11
"2665",1912704,11
"2666",2080427,11
"2667",2116479,11
"2668",2224903,11
"2669",2588415,11
"2670",3368163,11
"2671",3484708,11
"2672",3698780,11
"2673",4426990,11
"2674",4748130,11
"2675",5027842,11
"2676",5062713,11
"2677",5133110,11
"2678",5177030,11
"2679",5655600,11
"2680",6075433,11
"2681",6255736,11
"2682",6830331,11
"2683",8776772,11
"2684",9108470,11
"2685",9538986,11
"2686",9815325,11
"2687",9921636,11
"2688",10136640,11
"2689",11649293,11
"2690",11711052,11
"2691",12347938,11
"2692",12743606,11
"2693",12808277,11
"2694",12809324,11
"2695",13486108,11
"2696",13527219,11
"2697",15630976,11
"2698",15816344,11
"2699",17439391,11
"2700",17652095,11
"2701",18086951,11
"2702",18728120,11
"2703",19269372,11
"2704",19528180,11
"2705",19996091,11
"2706",20689222,11
"2707",21905300,11
"2708",22072477,11
"2709",23059863,11
"2710",23140460,11
"2711",23209973,11
"2712",23219350,11
"2713",23422738,11
"2714",23444823,11
"2715",23957941,11
"2716",24152022,11
"2717",25023652,11
"2718",25133928,11
"2719",25280009,11
"2720",25409372,11
"2721",25802945,11
"2722",26215451,11
"2723",27051213,11
"2724",27715944,11
"2725",27719323,11
"2726",28042923,11
"2727",28733428,11
"2728",28970533,11
"2729",29041803,11
"2730",29646624,11
"2731",31281127,11
"2732",32135800,11
"2733",32988652,11
"2734",33539827,11
"2735",33633691,11
"2736",34270096,11
"2737",34733784,11
"2738",35104980,11
"2739",35507173,11
"2740",35764214,11
"2741",35822324,11
"2742",36046994,11
"2743",36336406,11
"2744",36561057,11
"2745",36825895,11
"2746",36856175,11
"2747",37098620,11
"2748",37326878,11
"2749",38160039,11
"2750",38307889,11
"2751",38668043,11
"2752",38808011,11
"2753",38978828,11
"2754",39646056,11
"2755",39748023,11
"2756",39830817,11
"2757",40646054,11
"2758",40894273,11
"2759",40944828,11
"2760",41003140,11
"2761",41151206,11
"2762",41514807,11
"2763",42330275,11
"2764",42374092,11
"2765",42481028,11
"2766",42661731,11
"2767",43875549,11
"2768",43953015,11
"2769",44397812,11
"2770",44997929,11
"2771",45327372,11
"2772",45376005,11
"2773",45761390,11
"2774",46327995,11
"2775",48028679,11
"2776",48559369,11
"2777",48864190,11
"2778",48875301,11
"2779",51011718,11
"2780",51340421,11
"2781",51761424,11
"2782",52277444,11
"2783",52643853,11
"2784",52685673,11
"2785",52907718,11
"2786",53720274,11
"2787",54265741,11
"2788",54326276,11
"2789",567172414753722432,11
"2790",567991562823480192,11
"2791",582398957093988992,11
"2792",606427189986295040,11
"2793",171054,10
"2794",1086795,10
"2795",1250364,10
"2796",1937458,10
"2797",1957337,10
"2798",3519739,10
"2799",3580990,10
"2800",3696035,10
"2801",4064519,10
"2802",4487975,10
"2803",4949644,10
"2804",8872533,10
"2805",8920212,10
"2806",9021865,10
"2807",9197358,10
"2808",10036864,10
"2809",10510906,10
"2810",12297515,10
"2811",12788194,10
"2812",13188340,10
"2813",13330153,10
"2814",13439708,10
"2815",13678453,10
"2816",13710865,10
"2817",14034936,10
"2818",14876448,10
"2819",15081578,10
"2820",15997346,10
"2821",17654056,10
"2822",17846586,10
"2823",18135326,10
"2824",18204540,10
"2825",18261977,10
"2826",18505331,10
"2827",18939034,10
"2828",19687004,10
"2829",19782977,10
"2830",20226646,10
"2831",20954102,10
"2832",21133841,10
"2833",21142758,10
"2834",21822487,10
"2835",22111919,10
"2836",22902625,10
"2837",23368382,10
"2838",23558784,10
"2839",23784352,10
"2840",24439562,10
"2841",24707022,10
"2842",25273911,10
"2843",25348531,10
"2844",26031664,10
"2845",26105238,10
"2846",26160300,10
"2847",26489604,10
"2848",26519263,10
"2849",26832364,10
"2850",26907262,10
"2851",27061787,10
"2852",27123416,10
"2853",27132135,10
"2854",27362571,10
"2855",27533135,10
"2856",27963222,10
"2857",29174186,10
"2858",29335948,10
"2859",30363200,10
"2860",30933786,10
"2861",31632004,10
"2862",33061795,10
"2863",33326302,10
"2864",33767056,10
"2865",33823199,10
"2866",33878182,10
"2867",33932364,10
"2868",34110514,10
"2869",35526085,10
"2870",36309359,10
"2871",36310632,10
"2872",36559163,10
"2873",36637436,10
"2874",36865363,10
"2875",37079603,10
"2876",37585995,10
"2877",38422857,10
"2878",38819603,10
"2879",39040034,10
"2880",39615215,10
"2881",39983652,10
"2882",40104344,10
"2883",40508791,10
"2884",41260917,10
"2885",41284714,10
"2886",41856941,10
"2887",42431101,10
"2888",43475436,10
"2889",43575827,10
"2890",43576148,10
"2891",45681269,10
"2892",48708182,10
"2893",49051217,10
"2894",49360827,10
"2895",49882262,10
"2896",49917992,10
"2897",50800575,10
"2898",51202359,10
"2899",51383116,10
"2900",51700004,10
"2901",51741714,10
"2902",51853389,10
"2903",52715274,10
"2904",53352974,10
"2905",53392830,10
"2906",53669920,10
"2907",580865912261030272,10
"2908",585126987652879488,10
"2909",589778436545289600,10
"2910",595460980043012736,10
"2911",522471,9
"2912",667305,9
"2913",818881,9
"2914",1162769,9
"2915",1250716,9
"2916",1271700,9
"2917",1727103,9
"2918",1812527,9
"2919",1928474,9
"2920",1977828,9
"2921",2469007,9
"2922",2667413,9
"2923",2921938,9
"2924",3505002,9
"2925",3590060,9
"2926",3729980,9
"2927",3829648,9
"2928",3934811,9
"2929",4382332,9
"2930",4743452,9
"2931",6055045,9
"2932",6196535,9
"2933",6724346,9
"2934",8318087,9
"2935",8578108,9
"2936",9981383,9
"2937",11645006,9
"2938",12006505,9
"2939",12051114,9
"2940",12637711,9
"2941",12940893,9
"2942",13049566,9
"2943",13134404,9
"2944",13262666,9
"2945",13873040,9
"2946",13973023,9
"2947",14355043,9
"2948",14829461,9
"2949",15771182,9
"2950",15936857,9
"2951",17643789,9
"2952",18082645,9
"2953",18523486,9
"2954",19240662,9
"2955",19498871,9
"2956",20142058,9
"2957",21288930,9
"2958",21931133,9
"2959",22081165,9
"2960",22312731,9
"2961",23852143,9
"2962",24328643,9
"2963",24471898,9
"2964",24627210,9
"2965",24840523,9
"2966",25421355,9
"2967",25943076,9
"2968",26314462,9
"2969",26597244,9
"2970",26625840,9
"2971",27123460,9
"2972",27482148,9
"2973",27981057,9
"2974",28753915,9
"2975",29435883,9
"2976",30765293,9
"2977",31555059,9
"2978",31831416,9
"2979",31940174,9
"2980",32090247,9
"2981",32304359,9
"2982",32600527,9
"2983",32624966,9
"2984",33180772,9
"2985",33889977,9
"2986",34268932,9
"2987",34646769,9
"2988",35243521,9
"2989",35367353,9
"2990",35421073,9
"2991",35644860,9
"2992",35663040,9
"2993",36325266,9
"2994",36438581,9
"2995",36865545,9
"2996",36898170,9
"2997",37510618,9
"2998",37517388,9
"2999",37643572,9
"3000",37937149,9
"3001",38339700,9
"3002",39026851,9
"3003",39267402,9
"3004",39333792,9
"3005",39381845,9
"3006",39969190,9
"3007",40525783,9
"3008",40849109,9
"3009",40985735,9
"3010",41236669,9
"3011",41319141,9
"3012",41978912,9
"3013",42250272,9
"3014",42479193,9
"3015",43254740,9
"3016",43513136,9
"3017",43800449,9
"3018",43808107,9
"3019",43841817,9
"3020",43925314,9
"3021",44331403,9
"3022",44378350,9
"3023",45539834,9
"3024",45539870,9
"3025",45600909,9
"3026",46607274,9
"3027",47408350,9
"3028",48004711,9
"3029",48066023,9
"3030",48620851,9
"3031",48840480,9
"3032",48842950,9
"3033",49747815,9
"3034",50028362,9
"3035",50557106,9
"3036",50861438,9
"3037",51449896,9
"3038",52334977,9
"3039",52851679,9
"3040",53391440,9
"3041",53825405,9
"3042",594722520230602368,9
"3043",594854298993801472,9
"3044",596984492753143168,9
"3045",601244188326151680,9
"3046",550401,8
"3047",800723,8
"3048",1044448,8
"3049",1067630,8
"3050",1149694,8
"3051",1558627,8
"3052",1649932,8
"3053",2090727,8
"3054",2797128,8
"3055",4278399,8
"3056",4437572,8
"3057",4756790,8
"3058",4764531,8
"3059",5349374,8
"3060",5666746,8
"3061",6323190,8
"3062",6340144,8
"3063",6816936,8
"3064",6907368,8
"3065",7378848,8
"3066",8535626,8
"3067",10799221,8
"3068",11517922,8
"3069",12725921,8
"3070",12940835,8
"3071",13127944,8
"3072",13169294,8
"3073",13294936,8
"3074",14310652,8
"3075",14839350,8
"3076",15591889,8
"3077",15945206,8
"3078",16540398,8
"3079",17248002,8
"3080",17567812,8
"3081",17932670,8
"3082",18155399,8
"3083",18261259,8
"3084",18559804,8
"3085",18661034,8
"3086",19548304,8
"3087",19685954,8
"3088",19939321,8
"3089",20422214,8
"3090",20499230,8
"3091",21005123,8
"3092",22056733,8
"3093",23404925,8
"3094",24180245,8
"3095",24284070,8
"3096",24646128,8
"3097",24965334,8
"3098",25801590,8
"3099",26162908,8
"3100",26275584,8
"3101",26781206,8
"3102",27127011,8
"3103",27410925,8
"3104",27428560,8
"3105",27774794,8
"3106",28882637,8
"3107",29604704,8
"3108",29655884,8
"3109",29678104,8
"3110",29730599,8
"3111",31051752,8
"3112",31068322,8
"3113",31997903,8
"3114",32679807,8
"3115",34265095,8
"3116",34579570,8
"3117",34677557,8
"3118",34862124,8
"3119",35362184,8
"3120",35628530,8
"3121",35696576,8
"3122",35826322,8
"3123",35925638,8
"3124",36115043,8
"3125",36272271,8
"3126",36326573,8
"3127",36397499,8
"3128",36496997,8
"3129",36556540,8
"3130",36784801,8
"3131",37048856,8
"3132",37554677,8
"3133",37957530,8
"3134",38632216,8
"3135",38886433,8
"3136",38887993,8
"3137",38977812,8
"3138",39664481,8
"3139",39666620,8
"3140",39809327,8
"3141",39830255,8
"3142",40139858,8
"3143",40146465,8
"3144",40245488,8
"3145",40559714,8
"3146",40591767,8
"3147",40614744,8
"3148",40798934,8
"3149",40822137,8
"3150",41489970,8
"3151",42166001,8
"3152",43557102,8
"3153",43693583,8
"3154",44271297,8
"3155",44384486,8
"3156",45052408,8
"3157",45061935,8
"3158",45889758,8
"3159",46346104,8
"3160",46592145,8
"3161",46773729,8
"3162",46862829,8
"3163",47709873,8
"3164",47989069,8
"3165",48113682,8
"3166",49257338,8
"3167",49940274,8
"3168",50167653,8
"3169",50224331,8
"3170",50534768,8
"3171",50648502,8
"3172",51062932,8
"3173",51260710,8
"3174",51560215,8
"3175",51679327,8
"3176",51790429,8
"3177",52120325,8
"3178",52605292,8
"3179",52703402,8
"3180",53149234,8
"3181",53150158,8
"3182",53559188,8
"3183",543170865439479616,8
"3184",566557466875252864,8
"3185",592389868426747776,8
"3186",593898419057517440,8
"3187",616463734050068096,8
"3188",571029,7
"3189",582382,7
"3190",759299,7
"3191",1113862,7
"3192",1234621,7
"3193",1311373,7
"3194",1983071,7
"3195",2973384,7
"3196",3087967,7
"3197",3620791,7
"3198",4185741,7
"3199",4349963,7
"3200",4445818,7
"3201",4614017,7
"3202",4761760,7
"3203",5109339,7
"3204",5403528,7
"3205",5687572,7
"3206",5822367,7
"3207",5981716,7
"3208",6011262,7
"3209",6619931,7
"3210",6620804,7
"3211",6778319,7
"3212",6806602,7
"3213",6934089,7
"3214",6982920,7
"3215",7036515,7
"3216",7058094,7
"3217",7109857,7
"3218",7379564,7
"3219",8798384,7
"3220",9310110,7
"3221",9569018,7
"3222",10936878,7
"3223",11247862,7
"3224",12482445,7
"3225",12550957,7
"3226",14821744,7
"3227",15504280,7
"3228",15797457,7
"3229",16425583,7
"3230",16615187,7
"3231",17168648,7
"3232",17327485,7
"3233",18609671,7
"3234",18945179,7
"3235",19136133,7
"3236",19885353,7
"3237",20063640,7
"3238",21343131,7
"3239",21731645,7
"3240",21783756,7
"3241",22340202,7
"3242",22581281,7
"3243",22670486,7
"3244",23890875,7
"3245",24097052,7
"3246",24362348,7
"3247",24590980,7
"3248",24815236,7
"3249",25023128,7
"3250",25045139,7
"3251",26035328,7
"3252",27058302,7
"3253",28707425,7
"3254",28809249,7
"3255",28934321,7
"3256",29067735,7
"3257",29350469,7
"3258",29389947,7
"3259",29578670,7
"3260",29651790,7
"3261",30265387,7
"3262",30442884,7
"3263",30855167,7
"3264",31150995,7
"3265",31275392,7
"3266",31408508,7
"3267",31552683,7
"3268",32421030,7
"3269",32459939,7
"3270",32806990,7
"3271",33026828,7
"3272",33180808,7
"3273",33184440,7
"3274",33259235,7
"3275",33503225,7
"3276",33926117,7
"3277",34305126,7
"3278",34505122,7
"3279",34559989,7
"3280",34985473,7
"3281",35212974,7
"3282",35342981,7
"3283",35484494,7
"3284",35542936,7
"3285",35680828,7
"3286",36143549,7
"3287",36781797,7
"3288",37103679,7
"3289",37902760,7
"3290",38056203,7
"3291",38535377,7
"3292",38547079,7
"3293",38862265,7
"3294",39085201,7
"3295",39173597,7
"3296",39645315,7
"3297",39669557,7
"3298",39711987,7
"3299",39891194,7
"3300",39896478,7
"3301",40232738,7
"3302",40815993,7
"3303",41334300,7
"3304",42510492,7
"3305",42615009,7
"3306",43306914,7
"3307",43830272,7
"3308",43993096,7
"3309",44387773,7
"3310",44411920,7
"3311",44590513,7
"3312",45237781,7
"3313",47404893,7
"3314",47416878,7
"3315",48008144,7
"3316",49051706,7
"3317",49165343,7
"3318",49508887,7
"3319",49846930,7
"3320",49852379,7
"3321",49904641,7
"3322",50065811,7
"3323",50259605,7
"3324",50396459,7
"3325",50398449,7
"3326",50521869,7
"3327",50608863,7
"3328",50669345,7
"3329",50749565,7
"3330",50837302,7
"3331",50928224,7
"3332",51116938,7
"3333",51219225,7
"3334",51283980,7
"3335",51437810,7
"3336",51549763,7
"3337",52293145,7
"3338",52313554,7
"3339",52341741,7
"3340",52728249,7
"3341",52847333,7
"3342",52927383,7
"3343",53035236,7
"3344",53144841,7
"3345",53439335,7
"3346",53981412,7
"3347",549012009520442624,7
"3348",557658982213555648,7
"3349",559127777385590400,7
"3350",588997025010346496,7
"3351",593119225573814400,7
"3352",420095,6
"3353",590681,6
"3354",771217,6
"3355",835627,6
"3356",1021538,6
"3357",1201952,6
"3358",1323521,6
"3359",1662676,6
"3360",1812581,6
"3361",2306793,6
"3362",2573607,6
"3363",2788545,6
"3364",3308196,6
"3365",3432883,6
"3366",3804795,6
"3367",4467898,6
"3368",6258741,6
"3369",6294513,6
"3370",6727439,6
"3371",7335372,6
"3372",7757866,6
"3373",7924622,6
"3374",8363205,6
"3375",9327973,6
"3376",9912550,6
"3377",10101483,6
"3378",10121407,6
"3379",10311085,6
"3380",10717483,6
"3381",10809128,6
"3382",11382530,6
"3383",11867547,6
"3384",11933006,6
"3385",13177928,6
"3386",13187427,6
"3387",14053457,6
"3388",14583283,6
"3389",14815394,6
"3390",14890435,6
"3391",15045881,6
"3392",15103827,6
"3393",15441407,6
"3394",15599773,6
"3395",16878229,6
"3396",17420796,6
"3397",17647511,6
"3398",18362594,6
"3399",18687801,6
"3400",18816251,6
"3401",19051224,6
"3402",19757448,6
"3403",19783215,6
"3404",20001770,6
"3405",20026016,6
"3406",20164112,6
"3407",20238854,6
"3408",20281880,6
"3409",21261630,6
"3410",21390281,6
"3411",21444254,6
"3412",21687625,6
"3413",21735807,6
"3414",22609716,6
"3415",23818476,6
"3416",24072398,6
"3417",24083035,6
"3418",24534357,6
"3419",26000168,6
"3420",26728654,6
"3421",26744928,6
"3422",27348973,6
"3423",27498255,6
"3424",28375507,6
"3425",29750219,6
"3426",29979551,6
"3427",29979667,6
"3428",30453053,6
"3429",30467382,6
"3430",30733364,6
"3431",31050856,6
"3432",31261503,6
"3433",31452672,6
"3434",31454769,6
"3435",31590837,6
"3436",31948590,6
"3437",32879295,6
"3438",33029686,6
"3439",33516464,6
"3440",33571399,6
"3441",33606667,6
"3442",33658230,6
"3443",34050698,6
"3444",34146515,6
"3445",34242751,6
"3446",34492672,6
"3447",34581534,6
"3448",34662972,6
"3449",35118660,6
"3450",35176175,6
"3451",35693822,6
"3452",35747711,6
"3453",36231973,6
"3454",36616151,6
"3455",37595681,6
"3456",37977698,6
"3457",38787975,6
"3458",38819542,6
"3459",39328397,6
"3460",39472215,6
"3461",39795182,6
"3462",39826617,6
"3463",39914987,6
"3464",39933052,6
"3465",40171341,6
"3466",40424114,6
"3467",40486425,6
"3468",40572114,6
"3469",40671860,6
"3470",40701237,6
"3471",40905997,6
"3472",40935962,6
"3473",41401035,6
"3474",41515131,6
"3475",42029273,6
"3476",42267996,6
"3477",42287405,6
"3478",42309847,6
"3479",42595123,6
"3480",43568455,6
"3481",43574912,6
"3482",43815087,6
"3483",43882104,6
"3484",43904607,6
"3485",43978539,6
"3486",44087085,6
"3487",44255865,6
"3488",44304865,6
"3489",44456510,6
"3490",44485135,6
"3491",44515542,6
"3492",44679022,6
"3493",44887624,6
"3494",44986373,6
"3495",45310935,6
"3496",45615306,6
"3497",45966716,6
"3498",46136282,6
"3499",46745762,6
"3500",47573141,6
"3501",48005116,6
"3502",48037915,6
"3503",48202921,6
"3504",48625319,6
"3505",48945665,6
"3506",48985640,6
"3507",49342367,6
"3508",49536431,6
"3509",49604175,6
"3510",50369038,6
"3511",50409281,6
"3512",50479394,6
"3513",50522635,6
"3514",50650317,6
"3515",50653774,6
"3516",50664766,6
"3517",50743857,6
"3518",50997803,6
"3519",51029289,6
"3520",51230457,6
"3521",51477345,6
"3522",51796348,6
"3523",51999991,6
"3524",52684860,6
"3525",52716821,6
"3526",52771658,6
"3527",52849571,6
"3528",52893697,6
"3529",52979602,6
"3530",53090192,6
"3531",53180397,6
"3532",53207696,6
"3533",53247167,6
"3534",53338606,6
"3535",53370814,6
"3536",53376568,6
"3537",53495461,6
"3538",53544518,6
"3539",54311689,6
"3540",557194226234491264,6
"3541",567829002669570752,6
"3542",590580099562356992,6
"3543",414865,5
"3544",503629,5
"3545",982907,5
"3546",1398007,5
"3547",1715371,5
"3548",1831427,5
"3549",2174398,5
"3550",2419757,5
"3551",5744181,5
"3552",6077424,5
"3553",11000373,5
"3554",12499692,5
"3555",12927726,5
"3556",13449471,5
"3557",14915385,5
"3558",15256155,5
"3559",15645217,5
"3560",18339579,5
"3561",18480843,5
"3562",18558833,5
"3563",18622311,5
"3564",19032996,5
"3565",19139020,5
"3566",19190941,5
"3567",19362044,5
"3568",19503413,5
"3569",19523311,5
"3570",19550285,5
"3571",20563411,5
"3572",20757123,5
"3573",22168849,5
"3574",22915199,5
"3575",22966086,5
"3576",23105451,5
"3577",23105565,5
"3578",23414875,5
"3579",24761610,5
"3580",24841425,5
"3581",25361992,5
"3582",25433802,5
"3583",26910996,5
"3584",27010196,5
"3585",27020496,5
"3586",27851626,5
"3587",28220320,5
"3588",28887550,5
"3589",28902322,5
"3590",29181440,5
"3591",29256776,5
"3592",30030055,5
"3593",30123898,5
"3594",32683114,5
"3595",32879140,5
"3596",33042335,5
"3597",33312803,5
"3598",33575281,5
"3599",34070600,5
"3600",34561783,5
"3601",34982496,5
"3602",35344798,5
"3603",35357858,5
"3604",35396160,5
"3605",36096452,5
"3606",36139698,5
"3607",36192472,5
"3608",36260069,5
"3609",36299861,5
"3610",36303271,5
"3611",36519601,5
"3612",36849604,5
"3613",36861325,5
"3614",36972460,5
"3615",37117584,5
"3616",37528056,5
"3617",37591658,5
"3618",38141656,5
"3619",38345970,5
"3620",38382746,5
"3621",38576040,5
"3622",38894386,5
"3623",39072906,5
"3624",39143794,5
"3625",39349617,5
"3626",39516193,5
"3627",39529278,5
"3628",39837835,5
"3629",40626325,5
"3630",40726409,5
"3631",41254660,5
"3632",41290269,5
"3633",41880289,5
"3634",41996133,5
"3635",42291217,5
"3636",42312473,5
"3637",43546419,5
"3638",43646529,5
"3639",43706756,5
"3640",43740697,5
"3641",43810156,5
"3642",44001760,5
"3643",44083101,5
"3644",44174765,5
"3645",45263913,5
"3646",45366221,5
"3647",45377039,5
"3648",45377198,5
"3649",45586950,5
"3650",45662922,5
"3651",46347062,5
"3652",46635056,5
"3653",46668387,5
"3654",46796165,5
"3655",47839531,5
"3656",48008123,5
"3657",48037288,5
"3658",48127669,5
"3659",48935523,5
"3660",49052116,5
"3661",49592843,5
"3662",49688654,5
"3663",49892420,5
"3664",49898432,5
"3665",50116226,5
"3666",50164129,5
"3667",50286442,5
"3668",50369122,5
"3669",50646002,5
"3670",50650213,5
"3671",50725758,5
"3672",50840324,5
"3673",50840573,5
"3674",50840955,5
"3675",50844158,5
"3676",50886022,5
"3677",50967504,5
"3678",50976279,5
"3679",50996767,5
"3680",51081470,5
"3681",51318268,5
"3682",51760555,5
"3683",52397920,5
"3684",52587724,5
"3685",52588678,5
"3686",52894862,5
"3687",53140075,5
"3688",53158377,5
"3689",53213246,5
"3690",53225772,5
"3691",53285688,5
"3692",53318425,5
"3693",53478823,5
"3694",53487895,5
"3695",53537155,5
"3696",53551602,5
"3697",53701991,5
"3698",54125298,5
"3699",54179027,5
"3700",54271157,5
"3701",562119607971470080,5
"3702",566381315060547648,5
"3703",578266423249615488,5
"3704",579010133601563136,5
"3705",580866819345737088,5
"3706",583090371841085056,5
"3707",598542764622675968,5
"3708",602564634587571712,5
"3709",179528,4
"3710",286374,4
"3711",627213,4
"3712",758475,4
"3713",1072171,4
"3714",1156220,4
"3715",1427610,4
"3716",1964479,4
"3717",2353432,4
"3718",2476314,4
"3719",3332424,4
"3720",4057394,4
"3721",6021332,4
"3722",6559031,4
"3723",7166128,4
"3724",7375698,4
"3725",7511434,4
"3726",7523103,4
"3727",7555544,4
"3728",7675556,4
"3729",8196105,4
"3730",8362022,4
"3731",8584779,4
"3732",8714969,4
"3733",10027284,4
"3734",10080818,4
"3735",10586291,4
"3736",11084718,4
"3737",11764965,4
"3738",12215990,4
"3739",13302853,4
"3740",13327626,4
"3741",13471485,4
"3742",13489366,4
"3743",13599479,4
"3744",13687342,4
"3745",14246224,4
"3746",14561871,4
"3747",15509418,4
"3748",15756281,4
"3749",16737594,4
"3750",17186121,4
"3751",18750842,4
"3752",18993961,4
"3753",19013423,4
"3754",19351570,4
"3755",19404500,4
"3756",20596974,4
"3757",21048399,4
"3758",21187182,4
"3759",21301815,4
"3760",22297111,4
"3761",22405862,4
"3762",23606967,4
"3763",24870809,4
"3764",25005599,4
"3765",25123015,4
"3766",25159136,4
"3767",26077755,4
"3768",26116665,4
"3769",26312125,4
"3770",26551134,4
"3771",26766473,4
"3772",27379405,4
"3773",27426691,4
"3774",27795712,4
"3775",28827823,4
"3776",29678352,4
"3777",30251394,4
"3778",30395086,4
"3779",31164874,4
"3780",31707026,4
"3781",31953991,4
"3782",32234104,4
"3783",32234486,4
"3784",32234666,4
"3785",32371223,4
"3786",32393661,4
"3787",32717807,4
"3788",33008830,4
"3789",33280916,4
"3790",33424512,4
"3791",33733808,4
"3792",34012458,4
"3793",34168773,4
"3794",34382716,4
"3795",34611784,4
"3796",34631259,4
"3797",34936516,4
"3798",35140626,4
"3799",35367609,4
"3800",35377203,4
"3801",35507851,4
"3802",35592652,4
"3803",36291998,4
"3804",36324929,4
"3805",36346375,4
"3806",36480673,4
"3807",36997955,4
"3808",37011867,4
"3809",37085081,4
"3810",37113944,4
"3811",37137406,4
"3812",37276493,4
"3813",37324008,4
"3814",37348417,4
"3815",37377771,4
"3816",37762974,4
"3817",37995064,4
"3818",38033435,4
"3819",38260444,4
"3820",39268141,4
"3821",39497428,4
"3822",39607939,4
"3823",39631953,4
"3824",39798460,4
"3825",39837244,4
"3826",40335248,4
"3827",40712116,4
"3828",41041960,4
"3829",41142989,4
"3830",41204503,4
"3831",41394232,4
"3832",41513329,4
"3833",41542425,4
"3834",41831014,4
"3835",41910011,4
"3836",42150551,4
"3837",42470025,4
"3838",42858753,4
"3839",43574919,4
"3840",43962103,4
"3841",44067837,4
"3842",44095512,4
"3843",44102016,4
"3844",44189424,4
"3845",44549965,4
"3846",44573658,4
"3847",44583132,4
"3848",45263150,4
"3849",45981721,4
"3850",46032528,4
"3851",46368959,4
"3852",46403824,4
"3853",47775130,4
"3854",48037887,4
"3855",48127657,4
"3856",48127717,4
"3857",48514864,4
"3858",49161472,4
"3859",49607025,4
"3860",49698277,4
"3861",49788706,4
"3862",49880596,4
"3863",50078430,4
"3864",50165985,4
"3865",50180932,4
"3866",50188336,4
"3867",50397584,4
"3868",50405184,4
"3869",50432232,4
"3870",50439070,4
"3871",50568202,4
"3872",50605312,4
"3873",50673515,4
"3874",50820297,4
"3875",50859087,4
"3876",50957764,4
"3877",50968132,4
"3878",51100945,4
"3879",51123644,4
"3880",51276445,4
"3881",51427452,4
"3882",51446589,4
"3883",51516943,4
"3884",51647165,4
"3885",51709813,4
"3886",51740560,4
"3887",51956884,4
"3888",51984973,4
"3889",52180403,4
"3890",52200536,4
"3891",52357780,4
"3892",52357801,4
"3893",52434885,4
"3894",52481219,4
"3895",52545324,4
"3896",52712134,4
"3897",52727078,4
"3898",52728073,4
"3899",52747627,4
"3900",52785804,4
"3901",52877343,4
"3902",52890371,4
"3903",52942756,4
"3904",52998803,4
"3905",52999322,4
"3906",53019422,4
"3907",53139800,4
"3908",53274069,4
"3909",53425085,4
"3910",53442790,4
"3911",53811328,4
"3912",53811934,4
"3913",53863659,4
"3914",53897580,4
"3915",53911469,4
"3916",53981665,4
"3917",54326240,4
"3918",54365584,4
"3919",54390937,4
"3920",543574017266096896,4
"3921",546400781907953984,4
"3922",547748558323324800,4
"3923",551470103531913664,4
"3924",552037234042232448,4
"3925",555463422417538624,4
"3926",558480112972118336,4
"3927",567386314948375424,4
"3928",568561397403760704,4
"3929",578754812446163200,4
"3930",579688617632401152,4
"3931",583906252685120256,4
"3932",586257070522452096,4
"3933",588908641250953472,4
"3934",588927298640018176,4
"3935",597752786821794432,4
"3936",598950031051238912,4
"3937",617378058167008768,4
"3938",252080,3
"3939",693675,3
"3940",702120,3
"3941",747847,3
"3942",1120077,3
"3943",1375601,3
"3944",2343204,3
"3945",2376883,3
"3946",2667099,3
"3947",2682113,3
"3948",2882337,3
"3949",3436527,3
"3950",3708658,3
"3951",3838878,3
"3952",4267516,3
"3953",4455237,3
"3954",4831146,3
"3955",4864025,3
"3956",5156433,3
"3957",5444330,3
"3958",5629549,3
"3959",5752944,3
"3960",5836403,3
"3961",6819794,3
"3962",6863052,3
"3963",6997921,3
"3964",7743717,3
"3965",9356764,3
"3966",9431320,3
"3967",10290215,3
"3968",12117800,3
"3969",12771666,3
"3970",13245827,3
"3971",13886949,3
"3972",13950958,3
"3973",14146873,3
"3974",15024573,3
"3975",15033626,3
"3976",15276505,3
"3977",17759301,3
"3978",18014010,3
"3979",18392202,3
"3980",21215640,3
"3981",21364149,3
"3982",21994149,3
"3983",22716592,3
"3984",22732874,3
"3985",22738244,3
"3986",22883559,3
"3987",23569095,3
"3988",24236149,3
"3989",25257623,3
"3990",25435485,3
"3991",25472002,3
"3992",26130373,3
"3993",26147088,3
"3994",26515155,3
"3995",26527398,3
"3996",26854143,3
"3997",27677715,3
"3998",28768768,3
"3999",28827498,3
"4000",28984522,3
"4001",29723106,3
"4002",29959998,3
"4003",29961732,3
"4004",29979611,3
"4005",30059099,3
"4006",30230156,3
"4007",30691249,3
"4008",31559235,3
"4009",31606186,3
"4010",31992514,3
"4011",32234250,3
"4012",32284498,3
"4013",32774323,3
"4014",32956414,3
"4015",33013917,3
"4016",33089191,3
"4017",33412977,3
"4018",33504455,3
"4019",33727546,3
"4020",33937030,3
"4021",34274076,3
"4022",34463121,3
"4023",34555439,3
"4024",35139135,3
"4025",35256770,3
"4026",35364203,3
"4027",35541436,3
"4028",35659168,3
"4029",36090396,3
"4030",36347815,3
"4031",36404771,3
"4032",36561978,3
"4033",36803582,3
"4034",36900570,3
"4035",37614789,3
"4036",37645132,3
"4037",37806154,3
"4038",37894407,3
"4039",37959744,3
"4040",37964946,3
"4041",38612673,3
"4042",39833181,3
"4043",40173191,3
"4044",40381500,3
"4045",40484832,3
"4046",40553422,3
"4047",40646070,3
"4048",40668309,3
"4049",40832633,3
"4050",40832877,3
"4051",40906668,3
"4052",41029155,3
"4053",41099512,3
"4054",41333684,3
"4055",41389444,3
"4056",41783364,3
"4057",41824482,3
"4058",42058295,3
"4059",42130098,3
"4060",42251324,3
"4061",42290476,3
"4062",42622277,3
"4063",42658926,3
"4064",43043107,3
"4065",43343986,3
"4066",43485252,3
"4067",43584775,3
"4068",43635845,3
"4069",44184646,3
"4070",44314637,3
"4071",44550032,3
"4072",45049029,3
"4073",45364807,3
"4074",45539926,3
"4075",45589826,3
"4076",45635875,3
"4077",45665419,3
"4078",45822978,3
"4079",45982523,3
"4080",45998980,3
"4081",45999354,3
"4082",46115777,3
"4083",47469158,3
"4084",47728246,3
"4085",48004925,3
"4086",48005004,3
"4087",48037901,3
"4088",48127625,3
"4089",48635632,3
"4090",48636182,3
"4091",48947535,3
"4092",49120098,3
"4093",49318854,3
"4094",49700139,3
"4095",49720365,3
"4096",49788391,3
"4097",49882286,3
"4098",49940198,3
"4099",49940338,3
"4100",49963170,3
"4101",50081646,3
"4102",50335658,3
"4103",50341343,3
"4104",50351833,3
"4105",50459483,3
"4106",50461393,3
"4107",50713619,3
"4108",50815719,3
"4109",50824952,3
"4110",50894881,3
"4111",51102004,3
"4112",51119975,3
"4113",51278872,3
"4114",51457335,3
"4115",51536382,3
"4116",51566951,3
"4117",51628754,3
"4118",51687534,3
"4119",51801912,3
"4120",51863647,3
"4121",51938910,3
"4122",51999409,3
"4123",52016670,3
"4124",52137043,3
"4125",52313916,3
"4126",52446842,3
"4127",52598793,3
"4128",52630965,3
"4129",52785666,3
"4130",52818992,3
"4131",52959932,3
"4132",52997946,3
"4133",52998236,3
"4134",53020790,3
"4135",53041583,3
"4136",53073076,3
"4137",53077415,3
"4138",53104553,3
"4139",53121415,3
"4140",53122889,3
"4141",53226632,3
"4142",53350993,3
"4143",53390946,3
"4144",53496388,3
"4145",53578745,3
"4146",53702944,3
"4147",53794703,3
"4148",53803653,3
"4149",54220198,3
"4150",54239496,3
"4151",54244720,3
"4152",54295276,3
"4153",54316436,3
"4154",517321672477420224,3
"4155",543972624373040320,3
"4156",545360550318749888,3
"4157",545508885547853952,3
"4158",547876810495448192,3
"4159",552703006680953472,3
"4160",553261226074908416,3
"4161",560742014605158656,3
"4162",560743575785664832,3
"4163",561997609077687296,3
"4164",562037996686311424,3
"4165",568523400177884608,3
"4166",568683128219348224,3
"4167",573483136389747904,3
"4168",575042515086654912,3
"4169",577190313072716416,3
"4170",583094496735072256,3
"4171",583137206507770368,3
"4172",586917670534919296,3
"4173",587514392024673536,3
"4174",588130531123049472,3
"4175",598364660031591040,3
"4176",598406066619688832,3
"4177",604134618179523968,3
"4178",604136334161347584,3
"4179",609144376373073536,3
"4180",609318141555383552,3
"4181",618071471104515840,3
"4182",620821365404674176,3
"4183",622370936983280768,3
"4184",350271,2
"4185",515088,2
"4186",582028,2
"4187",733654,2
"4188",778820,2
"4189",1182421,2
"4190",1766570,2
"4191",2047730,2
"4192",3685177,2
"4193",5748017,2
"4194",6525679,2
"4195",6535641,2
"4196",6564052,2
"4197",6564747,2
"4198",6608540,2
"4199",8299748,2
"4200",8361053,2
"4201",8606715,2
"4202",11108642,2
"4203",12088607,2
"4204",13462546,2
"4205",13483155,2
"4206",13537721,2
"4207",13632710,2
"4208",14357605,2
"4209",14610851,2
"4210",16175728,2
"4211",17236712,2
"4212",17421031,2
"4213",18285132,2
"4214",19234705,2
"4215",19641424,2
"4216",19670359,2
"4217",20183556,2
"4218",20692335,2
"4219",21073542,2
"4220",21216557,2
"4221",21653143,2
"4222",21746000,2
"4223",23121050,2
"4224",23493489,2
"4225",23984557,2
"4226",24018750,2
"4227",24999963,2
"4228",25336232,2
"4229",25339698,2
"4230",25735095,2
"4231",25853345,2
"4232",25925424,2
"4233",26071272,2
"4234",26842663,2
"4235",27078008,2
"4236",27179290,2
"4237",27319090,2
"4238",27459100,2
"4239",27854236,2
"4240",29124691,2
"4241",30393444,2
"4242",30705618,2
"4243",31164355,2
"4244",31917406,2
"4245",32099173,2
"4246",32235313,2
"4247",32235358,2
"4248",32235546,2
"4249",32331255,2
"4250",32352898,2
"4251",32948155,2
"4252",34137575,2
"4253",34444406,2
"4254",34836972,2
"4255",34999754,2
"4256",35078404,2
"4257",35284613,2
"4258",35332756,2
"4259",35504192,2
"4260",35634457,2
"4261",35724107,2
"4262",36111700,2
"4263",36256397,2
"4264",36259851,2
"4265",36790110,2
"4266",36796300,2
"4267",36863220,2
"4268",37231449,2
"4269",37986740,2
"4270",38381341,2
"4271",38484240,2
"4272",39076533,2
"4273",39159958,2
"4274",39496185,2
"4275",39516887,2
"4276",39524000,2
"4277",39934996,2
"4278",40002616,2
"4279",40247038,2
"4280",40296030,2
"4281",40367212,2
"4282",40368512,2
"4283",40503997,2
"4284",40635712,2
"4285",40651985,2
"4286",40674089,2
"4287",40756989,2
"4288",40829652,2
"4289",41044723,2
"4290",41174667,2
"4291",41177153,2
"4292",41629031,2
"4293",41716106,2
"4294",41768028,2
"4295",41881450,2
"4296",41908124,2
"4297",42432365,2
"4298",43073771,2
"4299",43094562,2
"4300",43495835,2
"4301",43692585,2
"4302",43699546,2
"4303",43800026,2
"4304",43886711,2
"4305",43990767,2
"4306",43995217,2
"4307",44074430,2
"4308",44132663,2
"4309",44192280,2
"4310",44297369,2
"4311",44526245,2
"4312",44587354,2
"4313",44733441,2
"4314",45394197,2
"4315",45525740,2
"4316",45589408,2
"4317",45589540,2
"4318",45589621,2
"4319",45763935,2
"4320",45949435,2
"4321",45953998,2
"4322",46184998,2
"4323",46293762,2
"4324",46346561,2
"4325",46346815,2
"4326",46561482,2
"4327",46592004,2
"4328",46701805,2
"4329",46718762,2
"4330",47469046,2
"4331",47573699,2
"4332",48004848,2
"4333",48005583,2
"4334",48008046,2
"4335",48037184,2
"4336",48132257,2
"4337",48778366,2
"4338",48842752,2
"4339",49170523,2
"4340",49193866,2
"4341",49264765,2
"4342",49475051,2
"4343",49484754,2
"4344",49560108,2
"4345",49772105,2
"4346",49940100,2
"4347",49940408,2
"4348",50068790,2
"4349",50079799,2
"4350",50116117,2
"4351",50150930,2
"4352",50161619,2
"4353",50164721,2
"4354",50188418,2
"4355",50285892,2
"4356",50286065,2
"4357",50321663,2
"4358",50325628,2
"4359",50335507,2
"4360",50361586,2
"4361",50394338,2
"4362",50457058,2
"4363",50510649,2
"4364",50520756,2
"4365",50564592,2
"4366",50586333,2
"4367",50613624,2
"4368",50636245,2
"4369",50667689,2
"4370",50689121,2
"4371",50698647,2
"4372",50806119,2
"4373",50924870,2
"4374",51061195,2
"4375",51380625,2
"4376",51477304,2
"4377",51483567,2
"4378",51504073,2
"4379",51518009,2
"4380",51546018,2
"4381",51581410,2
"4382",51602353,2
"4383",51793695,2
"4384",51812668,2
"4385",51942332,2
"4386",51977694,2
"4387",51993975,2
"4388",52050592,2
"4389",52182300,2
"4390",52403955,2
"4391",52467566,2
"4392",52482358,2
"4393",52576812,2
"4394",52592043,2
"4395",52660898,2
"4396",52662633,2
"4397",52827266,2
"4398",52873136,2
"4399",52873591,2
"4400",52878730,2
"4401",52913830,2
"4402",52919823,2
"4403",52997340,2
"4404",53049528,2
"4405",53103585,2
"4406",53110938,2
"4407",53120910,2
"4408",53139571,2
"4409",53183649,2
"4410",53203251,2
"4411",53307126,2
"4412",53391192,2
"4413",53413942,2
"4414",53563435,2
"4415",53568252,2
"4416",53583106,2
"4417",53588606,2
"4418",53744594,2
"4419",53790852,2
"4420",53885386,2
"4421",54203826,2
"4422",54361387,2
"4423",548380521738164224,2
"4424",552745262656654400,2
"4425",552877654878916736,2
"4426",568514877303578112,2
"4427",573118533993207040,2
"4428",573803425562240256,2
"4429",574423871863802624,2
"4430",577331963117660160,2
"4431",580235273130797312,2
"4432",581577886011017344,2
"4433",583986390677899008,2
"4434",587385509884588672,2
"4435",587436553754183552,2
"4436",589270253411911296,2
"4437",589607149380794752,2
"4438",592398060470691968,2
"4439",593126129647677184,2
"4440",593180183681959296,2
"4441",594553816419624320,2
"4442",595598653682977024,2
"4443",597004355411959040,2
"4444",597480642158808320,2
"4445",599012351446769792,2
"4446",599054612718249600,2
"4447",600474907658145664,2
"4448",600555326893149568,2
"4449",602194129214708096,2
"4450",602862668206221184,2
"4451",604138834950289920,2
"4452",605508239313800960,2
"4453",610698916668802560,2
"4454",612191055973104128,2
"4455",612900007919508096,2
"4456",613435024662409216,2
"4457",613515376369513088,2
"4458",614943743736248704,2
"4459",616399692682639232,2
"4460",616408408099846656,2
"4461",617341356985304320,2
"4462",618044870846962688,2
"4463",618792278700004608,2
"4464",623095365139533824,2
"4465",624361694628229504,2
"4466",625202116347650304,2
"4467",628027182494117120,2
"4468",628244722853942144,2
"4469",568005,1
"4470",664697,1
"4471",805330,1
"4472",985155,1
"4473",1657879,1
"4474",1863996,1
"4475",2704035,1
"4476",3045003,1
"4477",3048137,1
"4478",3121979,1
"4479",3577411,1
"4480",3900628,1
"4481",4162988,1
"4482",4286529,1
"4483",4530308,1
"4484",4946084,1
"4485",5732731,1
"4486",6361722,1
"4487",6375033,1
"4488",6487791,1
"4489",6632081,1
"4490",6654255,1
"4491",6718474,1
"4492",6858436,1
"4493",8073314,1
"4494",8281663,1
"4495",9078341,1
"4496",9983460,1
"4497",10145992,1
"4498",11665821,1
"4499",12548328,1
"4500",13229949,1
"4501",14198060,1
"4502",14244097,1
"4503",14461859,1
"4504",15861762,1
"4505",17911026,1
"4506",18011593,1
"4507",18057193,1
"4508",18057725,1
"4509",18544524,1
"4510",21778880,1
"4511",21890491,1
"4512",22607752,1
"4513",23302270,1
"4514",24156102,1
"4515",24615144,1
"4516",24914093,1
"4517",24925828,1
"4518",25338761,1
"4519",25463991,1
"4520",26061816,1
"4521",26099020,1
"4522",27755390,1
"4523",27833698,1
"4524",27940393,1
"4525",28059480,1
"4526",28827671,1
"4527",28946914,1
"4528",29795660,1
"4529",29897394,1
"4530",30123385,1
"4531",30562707,1
"4532",32106777,1
"4533",32234583,1
"4534",32235074,1
"4535",32393519,1
"4536",32796572,1
"4537",32905830,1
"4538",33359293,1
"4539",33412851,1
"4540",33659476,1
"4541",33677630,1
"4542",33730178,1
"4543",33734409,1
"4544",33877752,1
"4545",34298333,1
"4546",34349975,1
"4547",34392876,1
"4548",35145947,1
"4549",35162748,1
"4550",35637048,1
"4551",36291783,1
"4552",36381913,1
"4553",36446524,1
"4554",37412883,1
"4555",37507709,1
"4556",37590988,1
"4557",37869132,1
"4558",38169856,1
"4559",38240482,1
"4560",38277051,1
"4561",38455147,1
"4562",38485099,1
"4563",38565298,1
"4564",39957137,1
"4565",40044862,1
"4566",40059726,1
"4567",40150321,1
"4568",40248757,1
"4569",40249718,1
"4570",40253380,1
"4571",40304099,1
"4572",40317269,1
"4573",40372670,1
"4574",40438052,1
"4575",40498677,1
"4576",40502734,1
"4577",40573531,1
"4578",40664728,1
"4579",40726608,1
"4580",40995518,1
"4581",41186155,1
"4582",41186307,1
"4583",41284919,1
"4584",41339519,1
"4585",41529465,1
"4586",41709087,1
"4587",41710225,1
"4588",41798620,1
"4589",41931770,1
"4590",42032862,1
"4591",42128777,1
"4592",42241245,1
"4593",42341800,1
"4594",42417397,1
"4595",42617346,1
"4596",42683484,1
"4597",42869018,1
"4598",43073605,1
"4599",43073833,1
"4600",43575856,1
"4601",43661059,1
"4602",43678670,1
"4603",43709001,1
"4604",43864315,1
"4605",44186926,1
"4606",44445085,1
"4607",44448883,1
"4608",44497608,1
"4609",44607856,1
"4610",44675416,1
"4611",44880392,1
"4612",45539609,1
"4613",45539735,1
"4614",45588996,1
"4615",45589687,1
"4616",46046336,1
"4617",46389970,1
"4618",46498605,1
"4619",46615668,1
"4620",47110768,1
"4621",47352200,1
"4622",48004872,1
"4623",48036961,1
"4624",48037306,1
"4625",48127716,1
"4626",48153670,1
"4627",48537492,1
"4628",48714757,1
"4629",49042011,1
"4630",49434019,1
"4631",49513309,1
"4632",49769129,1
"4633",49874875,1
"4634",49880878,1
"4635",50068082,1
"4636",50193216,1
"4637",50236155,1
"4638",50243968,1
"4639",50324431,1
"4640",50353348,1
"4641",50416453,1
"4642",50604053,1
"4643",50625568,1
"4644",50630087,1
"4645",50694554,1
"4646",50695485,1
"4647",50739369,1
"4648",50742990,1
"4649",50792732,1
"4650",50837299,1
"4651",50844052,1
"4652",50848503,1
"4653",50884955,1
"4654",50973991,1
"4655",50986632,1
"4656",51015371,1
"4657",51022024,1
"4658",51140438,1
"4659",51160914,1
"4660",51171051,1
"4661",51202527,1
"4662",51323866,1
"4663",51382300,1
"4664",51397985,1
"4665",51404069,1
"4666",51416595,1
"4667",51447904,1
"4668",51501124,1
"4669",51546609,1
"4670",51701187,1
"4671",51718773,1
"4672",51914508,1
"4673",51918907,1
"4674",51977843,1
"4675",51980217,1
"4676",52124179,1
"4677",52182721,1
"4678",52213372,1
"4679",52272931,1
"4680",52341614,1
"4681",52393761,1
"4682",52527946,1
"4683",52530556,1
"4684",52581242,1
"4685",52645790,1
"4686",52801178,1
"4687",52855508,1
"4688",52873660,1
"4689",52874661,1
"4690",52947886,1
"4691",53039659,1
"4692",53074756,1
"4693",53150057,1
"4694",53202928,1
"4695",53214172,1
"4696",53248887,1
"4697",53321185,1
"4698",53389641,1
"4699",53398317,1
"4700",53453495,1
"4701",53470378,1
"4702",53508687,1
"4703",53528358,1
"4704",53580164,1
"4705",53585990,1
"4706",53639531,1
"4707",53677632,1
"4708",53699980,1
"4709",53772607,1
"4710",53777552,1
"4711",53805044,1
"4712",54126733,1
"4713",54164203,1
"4714",54188619,1
"4715",54189209,1
"4716",54226395,1
"4717",54239340,1
"4718",54290750,1
"4719",54302897,1
"4720",54362481,1
"4721",54362648,1
"4722",54362723,1
"4723",54390237,1
"4724",54407030,1
"4725",528115351231758912,1
"4726",546897978264603904,1
"4727",554125187195453760,1
"4728",557825508624692288,1
"4729",560681439204626624,1
"4730",563476645413414912,1
"4731",569457202123189248,1
"4732",569535770000075968,1
"4733",571526139623297664,1
"4734",571534108510812800,1
"4735",576733639859586176,1
"4736",577887066010860672,1
"4737",578106411434562816,1
"4738",578899228506270464,1
"4739",579392653502749312,1
"4740",582298970217710976,1
"4741",583362130183868544,1
"4742",584544083516380672,1
"4743",584701566154975104,1
"4744",585125997570708224,1
"4745",585247724655632640,1
"4746",587718195447695872,1
"4747",588123344477410560,1
"4748",588859323308285184,1
"4749",589766359288572416,1
"4750",591716565334599424,1
"4751",596105973139931904,1
"4752",596389925106125824,1
"4753",597470915724140416,1
"4754",597534556147535872,1
"4755",597767781644386048,1
"4756",598236987874797312,1
"4757",598404127264495488,1
"4758",598522488194661248,1
"4759",598612684037138304,1
"4760",599095640730147328,1
"4761",600546428941251840,1
"4762",602863093410746880,1
"4763",604014269161909120,1
"4764",604710022784237952,1
"4765",605485254407467776,1
"4766",606455633269754368,1
"4767",612241358185566976,1
"4768",612242932441638912,1
"4769",612771882888380032,1
"4770",612953692790200704,1
"4771",613469769708738304,1
"4772",614937753282933504,1
"4773",614998979591681408,1
"4774",615765212982184704,1
"4775",616386590175292544,1
"4776",617239931104877440,1
"4777",617352100838559104,1
"4778",617778002896328320,1
"4779",617970731105168256,1
"4780",618018377619323520,1
"4781",618774201413529728,1
"4782",618804692907836160,1
"4783",619083498750886784,1
"4784",619283373356472576,1
"4785",619434616437146880,1
"4786",619478604219809152,1
"4787",619975987417313536,1
"4788",620061441154294016,1
"4789",620327003425007360,1
"4790",620791317656580480,1
"4791",622218188044036480,1
"4792",622427348262119808,1
"4793",622947567186451712,1
"4794",627395418044255488,1
"4795",627585110864296192,1
"4796",628092685405760128,1
"4797",628200783242741888,1
"4798",628846330378666880,1
"4799",629329986469778176,1
"4800",631084538508215040,1
"4801",631521216552263040,1
"4802",631566135506016384,1
"4803",632640115845145216,1
"4804",636752144003140352,1
"4805",638351211861098368,1
